manufacturer,model,sebumodel
현대,그랜저,그랜저 (GN7) (22년~현재)
현대,그랜저,그랜저 하이브리드 (GN7) (22년~현재)
현대,그랜저,더 뉴 그랜저 IG (19년~22년)
현대,그랜저,더 뉴 그랜저 IG 하이브리드 (19년~22년)
현대,그랜저,그랜저 IG 하이브리드 (17년~19년)
현대,그랜저,그랜저 IG (16년~19년)
현대,그랜저,그랜저 HG 하이브리드 (13년~17년)
현대,그랜저,그랜저 HG (11년~16년)
현대,그랜저,더 럭셔리 그랜저 (09년~11년)
현대,그랜저,그랜저 뉴 럭셔리 (08년~09년)
현대,그랜저,그랜저 TG (05년~08년)
현대,그랜저,뉴 그랜저 XG (02년~05년)
현대,그랜저,그랜저 XG (98년~02년)
현대,그랜저,뉴 그랜저 (92년~98년)
현대,그랜저,그랜저 (86년~92년)
현대,아반떼,더 뉴 아반떼 (CN7) (23년~현재)
현대,아반떼,더 뉴 아반떼 하이브리드 (CN7) (23년~현재)
현대,아반떼,아반떼 하이브리드 (CN7) (20년~23년)
현대,아반떼,아반떼 (CN7) (20년~23년)
현대,아반떼,더 뉴 아반떼 AD (18년~20년)
현대,아반떼,아반떼 AD (15년~18년)
현대,아반떼,더 뉴 아반떼 (13년~15년)
현대,아반떼,아반떼 쿠페 (13년~15년)
현대,아반떼,아반떼 MD (10년~13년)
현대,아반떼,아반떼 하이브리드 (09년~13년)
현대,아반떼,아반떼 HD (06년~10년)
현대,아반떼,뉴 아반떼 XD (03년~06년)
현대,아반떼,아반떼 XD (00년~03년)
현대,아반떼,올 뉴 아반떼 (98년~00년)
현대,아반떼,아반떼 (95년~98년)
현대,싼타페,싼타페 (MX5) (23년~현재)
현대,싼타페,더 뉴 싼타페 (20년~23년)
현대,싼타페,싼타페 TM (18년~20년)
현대,싼타페,싼타페 더 프라임 (15년~18년)
현대,싼타페,싼타페 DM (12년~15년)
현대,싼타페,싼타페 CM (05년~12년)
현대,싼타페,싼타페 (00년~05년)
현대,쏘나타,쏘나타 디 엣지(DN8) (23년~현재)
현대,쏘나타,쏘나타 디 엣지 하이브리드(DN8) (23년~현재)
현대,쏘나타,쏘나타 하이브리드 (DN8) (19년~23년)
현대,쏘나타,쏘나타 (DN8) (19년~23년)
현대,쏘나타,쏘나타 뉴 라이즈 하이브리드 (17년~19년)
현대,쏘나타,쏘나타 뉴 라이즈 (17년~19년)
현대,쏘나타,LF 쏘나타 하이브리드 (14년~17년)
현대,쏘나타,LF 쏘나타 (14년~17년)
현대,쏘나타,쏘나타 더 브릴리언트 (12년~14년)
현대,쏘나타,쏘나타 하이브리드 (11년~14년)
현대,쏘나타,YF 쏘나타 (09년~12년)
현대,쏘나타,NF 쏘나타 트랜스폼 (07년~13년)
현대,쏘나타,NF 쏘나타 (04년~07년)
현대,쏘나타,뉴 EF 쏘나타 (01년~06년)
현대,쏘나타,EF 쏘나타 (98년~01년)
현대,쏘나타,쏘나타 III (96년~98년)
현대,쏘나타,쏘나타 II (93년~96년)
현대,쏘나타,쏘나타 (85년~93년)
현대,투싼,더 뉴 투싼 (NX4) (23년~현재)
현대,투싼,더 뉴 투싼 하이브리드 (NX4) (23년~현재)
현대,투싼,투싼 (NX4) (20년~23년)
현대,투싼,투싼 하이브리드 (NX4) (20년~23년)
현대,투싼,올 뉴 투싼 (15년~20년)
현대,투싼,뉴 투싼 ix (13년~15년)
현대,투싼,투싼 ix (09년~13년)
현대,투싼,투싼 (04년~09년)
현대,팰리세이드,팰리세이드 (LX3) (25년~현재)
현대,팰리세이드,더 뉴 팰리세이드 (22년~25년)
현대,팰리세이드,팰리세이드 (18년~22년)
현대,스타렉스,더 뉴 그랜드 스타렉스 (17년~21년)
현대,스타렉스,그랜드 스타렉스 (07년~17년)
현대,스타렉스,스타렉스 점보 (97년~07년)
현대,스타렉스,스타렉스 (97년~07년)
현대,스타리아,스타리아 (21년~현재)
현대,제네시스,제네시스 DH (13년~16년)
현대,제네시스,더 뉴 제네시스 쿠페 (11년~16년)
현대,제네시스,제네시스 쿠페 (08년~11년)
현대,제네시스,제네시스 (08년~13년)
현대,코나,코나 일렉트릭 (SX2) (23년~현재)
현대,코나,코나 (SX2) (23년~현재)
현대,코나,코나 하이브리드 (SX2) (23년~현재)
현대,코나,더 뉴 코나 (20년~23년)
현대,코나,더 뉴 코나 하이브리드 (20년~23년)
현대,코나,코나 하이브리드 (19년~20년)
현대,코나,코나 일렉트릭 (18년~23년)
현대,코나,코나 (17년~20년)
현대,캐스퍼,더 뉴 캐스퍼 (24년~현재)
현대,캐스퍼,캐스퍼 일렉트릭 (24년~현재)
현대,캐스퍼,캐스퍼 (21년~24년)
현대,에쿠스,에쿠스(신형) (09년~15년)
현대,에쿠스,에쿠스 (99년~09년)
현대,아이오닉5,더 뉴 아이오닉5 (24년~현재)
현대,아이오닉5,아이오닉5 (21년~현재)
현대,엑센트,엑센트(신형) (10년~19년)
현대,엑센트,뉴 엑센트 (97년~99년)
현대,엑센트,엑센트 (94년~97년)
현대,베뉴,베뉴 (19년~현재)
현대,벨로스터,벨로스터 (JS) (18년~22년)
현대,벨로스터,더 뉴 벨로스터 (15년~18년)
현대,벨로스터,벨로스터 (11년~14년)
현대,넥쏘,넥쏘 (18년~현재)
현대,i30,i30 (PD) (16년~20년)
현대,i30,더 뉴 i30 (15년~16년)
현대,i30,i30(신형) (11년~15년)
현대,i30,i30 cw (08년~11년)
현대,i30,i30 (07년~11년)
현대,아이오닉,더 뉴 아이오닉 일렉트릭 (19년~21년)
현대,아이오닉,더 뉴 아이오닉 하이브리드 (19년~21년)
현대,아이오닉,아이오닉 일렉트릭 (16년~19년)
현대,아이오닉,아이오닉 하이브리드 (16년~19년)
현대,i40,더 뉴 i40 (15년~19년)
현대,i40,더 뉴 i40 살룬 (15년~19년)
현대,i40,i40 살룬 (12년~15년)
현대,i40,i40 (11년~15년)
현대,맥스크루즈,더 뉴 맥스크루즈 (15년~19년)
현대,맥스크루즈,맥스크루즈 (13년~15년)
현대,아이오닉6,아이오닉6 (22년~현재)
현대,쏠라티,쏠라티 (15년~현재)
현대,아슬란,아슬란 (14년~18년)
현대,베라크루즈,베라크루즈 (06년~15년)
현대,갤로퍼,갤로퍼 2 (97년~03년)
현대,갤로퍼,갤로퍼 (91년~97년)
현대,테라칸,테라칸 (01년~07년)
현대,투스카니,투스카니(신형) (06년~08년)
현대,투스카니,투스카니 (01년~06년)
현대,베르나,베르나 트랜스폼 (09년~10년)
현대,베르나,베르나(신형) (05년~09년)
현대,베르나,New 베르나 (02년~05년)
현대,베르나,베르나 (99년~02년)
현대,다이너스티,다이너스티 (96년~05년)
현대,티뷰론,티뷰론 (96년~01년)
현대,엑셀,엑셀 (89년~94년)
현대,포니,포니투 (82년~90년)
현대,포니,포니 (75년~82년)
현대,ST1,ST1 (24년~현재)
현대,아토스,아토스 (97년~02년)
현대,엘란트라,뉴엘란트라 (93년~95년)
현대,엘란트라,엘란트라 (90년~93년)
현대,마르샤,마르샤 (95년~98년)
현대,산타모,산타모 (95년~02년)
현대,아이오닉9,아이오닉9 (25년~현재)
현대,클릭,뉴 클릭 (05년~10년)
현대,클릭,클릭 하이브리드 (04년~06년)
현대,클릭,클릭 (02년~05년)
현대,트라제 XG,트라제 XG (99년~07년)
현대,스텔라,스텔라 (83년~97년)
현대,그라나다,그라나다 (78년~85년)
현대,그레이스,뉴그레이스 (93년~04년)
현대,그레이스,그레이스 (86년~93년)
현대,라비타,라비타 (01년~07년)
현대,블루온,블루온 (10년~11년)
현대,스쿠프,스쿠프 (90년~95년)
현대,코티나,코티나 (68년~83년)
현대,프레스토,프레스토 (85년~86년)
제네시스,G80,일렉트리파이드 G80 (RG3) (21년~현재)
제네시스,G80,G80 (RG3) (20년~현재)
제네시스,G80,G80 (16년~20년)
제네시스,GV80,GV80 쿠페 (23년~현재)
제네시스,GV80,GV80 (20년~현재)
제네시스,G70,더 뉴 G70 슈팅브레이크 (22년~현재)
제네시스,G70,더 뉴 G70 (20년~현재)
제네시스,G70,G70 (17년~20년)
제네시스,GV70,일렉트리파이드 GV70 (22년~현재)
제네시스,GV70,GV70 (21년~현재)
제네시스,G90,G90 (RS4) (21년~현재)
제네시스,G90,G90 (18년~21년)
제네시스,EQ900,EQ900 (15년~18년)
제네시스,GV60,GV60 (21년~현재)
기아,카니발,더 뉴 카니발 4세대 (23년~현재)
기아,카니발,카니발 4세대 (20년~23년)
기아,카니발,더 뉴 카니발 (18년~20년)
기아,카니발,올 뉴 카니발 (14년~18년)
기아,카니발,카니발 R (10년~14년)
기아,카니발,뉴카니발 (06년~10년)
기아,카니발,그랜드 카니발 (05년~10년)
기아,카니발,카니발 II (01년~05년)
기아,카니발,카니발 (98년~01년)
기아,쏘렌토,더 뉴 쏘렌토 4세대 (23년~현재)
기아,쏘렌토,쏘렌토 4세대 (20년~23년)
기아,쏘렌토,더 뉴 쏘렌토 (17년~20년)
기아,쏘렌토,올 뉴 쏘렌토 (14년~17년)
기아,쏘렌토,뉴 쏘렌토 R (12년~14년)
기아,쏘렌토,쏘렌토 R (09년~12년)
기아,쏘렌토,뉴쏘렌토 (06년~09년)
기아,쏘렌토,쏘렌토 (02년~06년)
기아,K5,더 뉴 K5 3세대 (23년~현재)
기아,K5,더 뉴 K5 하이브리드 3세대 (23년~현재)
기아,K5,K5 3세대 (19년~23년)
기아,K5,K5 하이브리드 3세대 (19년~23년)
기아,K5,더 뉴 K5 하이브리드 2세대 (18년~19년)
기아,K5,더 뉴 K5 2세대 (18년~19년)
기아,K5,K5 하이브리드 2세대 (15년~18년)
기아,K5,K5 2세대 (15년~18년)
기아,K5,더 뉴 K5 (13년~15년)
기아,K5,K5 하이브리드 (11년~15년)
기아,K5,K5 (10년~13년)
기아,K7,K7 프리미어 (19년~21년)
기아,K7,K7 프리미어 하이브리드 (19년~21년)
기아,K7,올 뉴 K7 하이브리드 (16년~19년)
기아,K7,올 뉴 K7 (16년~19년)
기아,K7,K7 하이브리드 (13년~16년)
기아,K7,더 뉴 K7 (12년~16년)
기아,K7,더 프레스티지 K7 (11년~12년)
기아,K7,K7 (09년~11년)
기아,레이,더 뉴 기아 레이 EV (23년~현재)
기아,레이,더 뉴 기아 레이 (22년~현재)
기아,레이,더 뉴 레이 (17년~22년)
기아,레이,레이 (11년~17년)
기아,모닝,더 뉴 모닝 (JA) (23년~현재)
기아,모닝,모닝 어반 (JA) (20년~23년)
기아,모닝,올 뉴 모닝 (JA) (17년~20년)
기아,모닝,더 뉴 모닝 (15년~17년)
기아,모닝,올 뉴 모닝 (11년~15년)
기아,모닝,뉴모닝 (08년~11년)
기아,모닝,모닝 (04년~08년)
기아,스포티지,더 뉴 스포티지 5세대 (24년~현재)
기아,스포티지,더 뉴 스포티지 5세대 하이브리드 (24년~현재)
기아,스포티지,스포티지 5세대 (21년~현재)
기아,스포티지,스포티지 5세대 하이브리드 (21년~24년)
기아,스포티지,스포티지 더 볼드 (18년~21년)
기아,스포티지,스포티지 4세대 (15년~18년)
기아,스포티지,더 뉴 스포티지 R (13년~15년)
기아,스포티지,스포티지 R (10년~13년)
기아,스포티지,New 스포티지 (04년~10년)
기아,스포티지,스포티지 (93년~02년)
기아,K3,더 뉴 K3 2세대 (21년~현재)
기아,K3,올 뉴 K3 (18년~21년)
기아,K3,더 뉴 K3 쿱 (16년~17년)
기아,K3,더 뉴 K3 유로 (16년~18년)
기아,K3,더 뉴 K3 (15년~18년)
기아,K3,K3 유로 (13년~16년)
기아,K3,K3 쿱 (13년~16년)
기아,K3,K3 (12년~15년)
기아,셀토스,더 뉴 셀토스 (22년~현재)
기아,셀토스,셀토스 (19년~22년)
기아,K9,더 뉴 K9 2세대 (21년~현재)
기아,K9,더 K9 (18년~21년)
기아,K9,더 뉴 K9 (14년~18년)
기아,K9,K9 (12년~14년)
기아,K8,더 뉴 K8 (24년~현재)
기아,K8,더 뉴 K8 하이브리드 (24년~현재)
기아,K8,K8 (21년~24년)
기아,K8,K8 하이브리드 (21년~24년)
기아,모하비,모하비 더 마스터 (19년~현재)
기아,모하비,더 뉴 모하비 (16년~19년)
기아,모하비,모하비 (07년~16년)
기아,니로,디 올 뉴 니로 EV (22년~현재)
기아,니로,니로 플러스 (22년~현재)
기아,니로,디 올 뉴 니로 (22년~현재)
기아,니로,더 뉴 니로 (19년~22년)
기아,니로,니로 EV (18년~22년)
기아,니로,니로 (16년~19년)
기아,스팅어,스팅어 마이스터 (20년~현재)
기아,스팅어,스팅어 (17년~20년)
기아,EV6,더 뉴 EV6 (24년~현재)
기아,EV6,EV6 (21년~24년)
기아,쏘울,쏘울 부스터 EV (19년~21년)
기아,쏘울,쏘울 부스터 (19년~21년)
기아,쏘울,더 뉴 쏘울 (16년~19년)
기아,쏘울,쏘울 EV (14년~19년)
기아,쏘울,올 뉴 쏘울 (13년~16년)
기아,쏘울,쏘울 (08년~13년)
기아,카렌스,더 뉴 카렌스 (16년~18년)
기아,카렌스,올 뉴 카렌스 (13년~16년)
기아,카렌스,뉴카렌스 (06년~13년)
기아,카렌스,카렌스 II (02년~06년)
기아,카렌스,카렌스 (99년~02년)
기아,프라이드,더 뉴 프라이드 (15년~17년)
기아,프라이드,올 뉴 프라이드 (11년~15년)
기아,프라이드,프라이드(신형) (05년~11년)
기아,프라이드,프라이드 (87년~00년)
기아,스토닉,스토닉 (17년~20년)
기아,포르테,포르테 해치백 (10년~13년)
기아,포르테,포르테 쿱 (09년~13년)
기아,포르테,포르테 (08년~13년)
기아,오피러스,오피러스 프리미엄 (09년~11년)
기아,오피러스,뉴오피러스 (06년~09년)
기아,오피러스,오피러스 (03년~06년)
기아,EV9,EV9 (23년~현재)
기아,EV3,EV3 (24년~현재)
기아,로체,로체 이노베이션 (08년~10년)
기아,로체,로체 어드밴스 (07년~08년)
기아,로체,로체 (05년~07년)
기아,포텐샤,뉴포텐샤 (97년~02년)
기아,포텐샤,포텐샤 (92년~97년)
기아,엔터프라이즈,엔터프라이즈 (97년~02년)
기아,엘란,엘란 (96년~00년)
기아,스펙트라,스펙트라 (00년~04년)
기아,봉고III 미니버스,봉고III 미니버스 (04년~05년)
기아,비스토,비스토 (99년~04년)
기아,크레도스,크레도스 2 (98년~00년)
기아,크레도스,크레도스 (95년~98년)
기아,파크타운,파크타운 (98년~00년)
기아,레토나,레토나 (98년~03년)
기아,리갈,리갈 (02년~05년)
기아,세피아,세피아2 (97년~01년)
기아,세피아,세피아 (92년~97년)
기아,쎄라토,뉴쎄라토 (06년~08년)
기아,쎄라토,쎄라토 (03년~06년)
기아,아벨라,아벨라 (94년~00년)
기아,옵티마,옵티마 (00년~05년)
기아,카스타,카스타 (99년~02년)
기아,콩코드,뉴콩코드 (91년~95년)
기아,콩코드,콩코드 (87년~91년)
기아,EV4,EV4 (25년~현재)
기아,X-TREK,X-TREK (03년~06년)
기아,델타,델타 (94년~99년)
기아,록스타,록스타 R2 (93년~97년)
기아,록스타,록스타 (90년~93년)
기아,리오,리오 (99년~05년)
기아,베스타,하이베스타 (92년~97년)
기아,베스타,베스타 (86년~97년)
기아,브리샤,브리샤 (74년~82년)
기아,슈마,슈마 (97년~01년)
기아,씨드,씨드 (06년~현재)
기아,캐피탈,캐피탈 (89년~96년)
기아,타스만,타스만 (25년~현재)
기아,타우너,타우너 (92년~02년)
기아,토픽,토픽 (87년~99년)
기아,텔루라이드,텔루라이드 (19년~현재)
기아,프레지오,프레지오 (95년~04년)
기아,피아트132,피아트132 (79년~81년)
쉐보레(GM대우),스파크,더 뉴 스파크 (18년~23년)
쉐보레(GM대우),스파크,더 넥스트 스파크 (15년~18년)
쉐보레(GM대우),스파크,스파크 EV (13년~16년)
쉐보레(GM대우),스파크,스파크 (11년~15년)
쉐보레(GM대우),트랙스,트랙스 크로스오버 (23년~현재)
쉐보레(GM대우),트랙스,더 뉴 트랙스 (16년~22년)
쉐보레(GM대우),트랙스,트랙스 (13년~16년)
쉐보레(GM대우),말리부,더 뉴 말리부 (18년~23년)
쉐보레(GM대우),말리부,올 뉴 말리부 (16년~18년)
쉐보레(GM대우),말리부,말리부 (11년~16년)
쉐보레(GM대우),크루즈,올 뉴 크루즈 (17년~18년)
쉐보레(GM대우),크루즈,어메이징 뉴 크루즈 (15년~17년)
쉐보레(GM대우),크루즈,어메이징 뉴 크루즈5 (15년~17년)
쉐보레(GM대우),크루즈,크루즈5 (11년~14년)
쉐보레(GM대우),크루즈,크루즈 (11년~14년)
쉐보레(GM대우),올란도,올란도 (11년~18년)
쉐보레(GM대우),트레일블레이저,더 뉴 트레일블레이저 (23년~현재)
쉐보레(GM대우),트레일블레이저,트레일블레이저 (20년~23년)
쉐보레(GM대우),콜로라도,올 뉴 콜로라도 (24년~현재)
쉐보레(GM대우),콜로라도,리얼 뉴 콜로라도 (20년~24년)
쉐보레(GM대우),콜로라도,콜로라도 (19년~20년)
쉐보레(GM대우),캡티바,캡티바 (11년~18년)
쉐보레(GM대우),다마스,뉴 다마스 (08년~21년)
쉐보레(GM대우),다마스,다마스 II (03년~07년)
쉐보레(GM대우),다마스,다마스 (91년~03년)
쉐보레(GM대우),알페온,알페온 (10년~15년)
쉐보레(GM대우),아베오,더 뉴 아베오 세단 (16년~19년)
쉐보레(GM대우),아베오,더 뉴 아베오 해치백 (16년~19년)
쉐보레(GM대우),아베오,아베오 세단 (11년~16년)
쉐보레(GM대우),아베오,아베오 해치백 (11년~16년)
쉐보레(GM대우),마티즈,마티즈 크리에이티브 (09년~11년)
쉐보레(GM대우),마티즈,마티즈 클래식 (09년~11년)
쉐보레(GM대우),마티즈,All New 마티즈 (05년~09년)
쉐보레(GM대우),마티즈,마티즈 II (00년~05년)
쉐보레(GM대우),마티즈,마티즈 (98년~00년)
쉐보레(GM대우),임팔라,임팔라 (15년~20년)
쉐보레(GM대우),트래버스,트래버스 (19년~현재)
쉐보레(GM대우),카마로,더 뉴 카마로 (18년~22년)
쉐보레(GM대우),카마로,올 뉴 카마로 (16년~18년)
쉐보레(GM대우),카마로,카마로 (11년~15년)
쉐보레(GM대우),라보,뉴 라보 (08년~21년)
쉐보레(GM대우),라보,라보 (91년~06년)
쉐보레(GM대우),이쿼녹스,더 넥스트 이쿼녹스 (22년~24년)
쉐보레(GM대우),이쿼녹스,이쿼녹스 (18년~20년)
쉐보레(GM대우),라세티,라세티 프리미어 (08년~11년)
쉐보레(GM대우),라세티,라세티 (02년~09년)
쉐보레(GM대우),볼트 EV,뉴 볼트 EV (21년~23년)
쉐보레(GM대우),볼트 EV,볼트 EV (17년~21년)
쉐보레(GM대우),볼트 EUV,볼트 EUV (21년~23년)
쉐보레(GM대우),윈스톰,윈스톰 맥스 (08년~10년)
쉐보레(GM대우),윈스톰,윈스톰 (06년~10년)
쉐보레(GM대우),토스카,토스카 프리미엄6 (08년~11년)
쉐보레(GM대우),토스카,토스카 (06년~08년)
쉐보레(GM대우),G2X,G2X (07년~08년)
쉐보레(GM대우),아카디아,아카디아 (94년~99년)
쉐보레(GM대우),젠트라,젠트라 X (07년~11년)
쉐보레(GM대우),젠트라,젠트라 (05년~11년)
쉐보레(GM대우),타호,타호 (22년~현재)
쉐보레(GM대우),베리타스,베리타스 (08년~10년)
쉐보레(GM대우),에스페로,에스페로 (90년~97년)
쉐보레(GM대우),볼트(Volt),볼트(Volt) (16년~19년)
쉐보레(GM대우),티코,티코 (91년~01년)
쉐보레(GM대우),프린스,뉴프린스 (96년~97년)
쉐보레(GM대우),프린스,프린스 (91년~96년)
쉐보레(GM대우),프린스,로얄 프린스 (83년~91년)
쉐보레(GM대우),매그너스,매그너스 (99년~06년)
쉐보레(GM대우),르망,르망 (86년~97년)
쉐보레(GM대우),스테이츠맨,스테이츠맨 (05년~07년)
쉐보레(GM대우),콜벳,콜벳 (12년~13년)
쉐보레(GM대우),넥시아,넥시아 (95년~96년)
쉐보레(GM대우),누비라,누비라 2 (99년~02년)
쉐보레(GM대우),누비라,누비라 (97년~99년)
쉐보레(GM대우),라노스,라노스 II (00년~02년)
쉐보레(GM대우),라노스,라노스 (96년~00년)
쉐보레(GM대우),레간자,레간자 (97년~02년)
쉐보레(GM대우),레조,레조 (00년~07년)
쉐보레(GM대우),로얄살롱,로얄살롱 (80년~91년)
쉐보레(GM대우),맵시,맵시 (82년~87년)
쉐보레(GM대우),브로엄,브로엄 (91년~00년)
쉐보레(GM대우),슈퍼살롱,슈퍼살롱 (91년~99년)
쉐보레(GM대우),씨에로,씨에로 (94년~96년)
쉐보레(GM대우),임페리얼,임페리얼 (89년~93년)
쉐보레(GM대우),칼로스,칼로스 (02년~07년)
르노코리아(삼성),QM6,더 뉴 QM6 (19년~현재)
르노코리아(삼성),QM6,QM6 (16년~19년)
르노코리아(삼성),SM6,더 뉴 SM6 (20년~현재)
르노코리아(삼성),SM6,SM6 (16년~20년)
르노코리아(삼성),SM5,SM5 노바 (15년~19년)
르노코리아(삼성),SM5,뉴SM5 플래티넘 (12년~15년)
르노코리아(삼성),SM5,뉴SM5(신형) (10년~12년)
르노코리아(삼성),SM5,SM5 뉴 임프레션 (07년~10년)
르노코리아(삼성),SM5,뉴SM5 (05년~07년)
르노코리아(삼성),SM5,SM5 (98년~05년)
르노코리아(삼성),SM3,SM3 네오 (14년~19년)
르노코리아(삼성),SM3,SM3 Z.E. (13년~20년)
르노코리아(삼성),SM3,뉴SM3 (09년~14년)
르노코리아(삼성),SM3,SM3 뉴 제너레이션 (05년~11년)
르노코리아(삼성),SM3,SM3 (02년~05년)
르노코리아(삼성),XM3,XM3 (20년~24년)
르노코리아(삼성),SM7,SM7 노바 (14년~19년)
르노코리아(삼성),SM7,All New SM7 (11년~14년)
르노코리아(삼성),SM7,SM7 New Art (08년~11년)
르노코리아(삼성),SM7,SM7 (04년~08년)
르노코리아(삼성),QM3,뉴QM3 (17년~19년)
르노코리아(삼성),QM3,QM3 (13년~17년)
르노코리아(삼성),QM5,QM5 네오 (14년~16년)
르노코리아(삼성),QM5,뉴QM5 (11년~14년)
르노코리아(삼성),QM5,QM5 (07년~11년)
르노코리아(삼성),마스터,마스터 (18년~현재)
르노코리아(삼성),그랑 콜레오스,그랑 콜레오스 (24년~현재)
르노코리아(삼성),클리오,클리오 (18년~19년)
르노코리아(삼성),아르카나,아르카나 (24년~현재)
르노코리아(삼성),캡처,캡처 (20년~21년)
르노코리아(삼성),트위지,트위지 (17년~22년)
르노코리아(삼성),조에,조에 (20년~22년)
KG모빌리티(쌍용),렉스턴,렉스턴 뉴 아레나 (23년~현재)
KG모빌리티(쌍용),렉스턴,더 뉴 렉스턴 스포츠 (21년~현재)
KG모빌리티(쌍용),렉스턴,더 뉴 렉스턴 스포츠 칸 (21년~현재)
KG모빌리티(쌍용),렉스턴,올 뉴 렉스턴 (20년~23년)
KG모빌리티(쌍용),렉스턴,렉스턴 스포츠 칸 (19년~21년)
KG모빌리티(쌍용),렉스턴,렉스턴 스포츠 (18년~21년)
KG모빌리티(쌍용),렉스턴,G4 렉스턴 (17년~20년)
KG모빌리티(쌍용),렉스턴,렉스턴 W (12년~17년)
KG모빌리티(쌍용),렉스턴,슈퍼 렉스턴 (08년~12년)
KG모빌리티(쌍용),렉스턴,렉스턴 II (06년~08년)
KG모빌리티(쌍용),렉스턴,뉴렉스턴 (03년~06년)
KG모빌리티(쌍용),렉스턴,렉스턴 (01년~03년)
KG모빌리티(쌍용),티볼리,더 뉴 티볼리 (23년~현재)
KG모빌리티(쌍용),티볼리,더 뉴 티볼리 에어 (23년~현재)
KG모빌리티(쌍용),티볼리,베리 뉴 티볼리 (19년~23년)
KG모빌리티(쌍용),티볼리,티볼리 아머 (17년~19년)
KG모빌리티(쌍용),티볼리,티볼리 에어 (16년~23년)
KG모빌리티(쌍용),티볼리,티볼리 (15년~17년)
KG모빌리티(쌍용),코란도,코란도 EV (이모션) (22년~현재)
KG모빌리티(쌍용),코란도,뷰티풀 코란도 (19년~현재)
KG모빌리티(쌍용),코란도,뉴 스타일 코란도 C (17년~18년)
KG모빌리티(쌍용),코란도,더 뉴 코란도 스포츠 (16년~18년)
KG모빌리티(쌍용),코란도,뉴코란도 C (13년~17년)
KG모빌리티(쌍용),코란도,코란도 투리스모 (13년~19년)
KG모빌리티(쌍용),코란도,코란도 스포츠 (12년~16년)
KG모빌리티(쌍용),코란도,코란도 C (11년~13년)
KG모빌리티(쌍용),코란도,뉴코란도 (96년~05년)
KG모빌리티(쌍용),코란도,코란도 훼미리 (88년~96년)
KG모빌리티(쌍용),코란도,코란도 지프 (69년~96년)
KG모빌리티(쌍용),토레스,더 뉴 토레스 (24년~현재)
KG모빌리티(쌍용),토레스,토레스 EVX (23년~현재)
KG모빌리티(쌍용),토레스,토레스 (22년~24년)
KG모빌리티(쌍용),체어맨,뉴체어맨 W (11년~17년)
KG모빌리티(쌍용),체어맨,체어맨 H 뉴 클래식 (11년~14년)
KG모빌리티(쌍용),체어맨,체어맨 W (08년~11년)
KG모빌리티(쌍용),체어맨,체어맨 H (08년~11년)
KG모빌리티(쌍용),체어맨,뉴체어맨 (03년~08년)
KG모빌리티(쌍용),체어맨,체어맨 (97년~03년)
KG모빌리티(쌍용),액티언,액티언 2세대 (24년~현재)
KG모빌리티(쌍용),액티언,액티언 스포츠 (06년~11년)
KG모빌리티(쌍용),액티언,액티언 (05년~11년)
KG모빌리티(쌍용),카이런,뉴카이런 (07년~11년)
KG모빌리티(쌍용),카이런,카이런 (05년~07년)
KG모빌리티(쌍용),로디우스,로디우스 유로 (12년~13년)
KG모빌리티(쌍용),로디우스,뉴로디우스 (07년~12년)
KG모빌리티(쌍용),로디우스,로디우스 (04년~07년)
KG모빌리티(쌍용),무쏘,무쏘 스포츠 (02년~06년)
KG모빌리티(쌍용),무쏘,뉴무쏘 (98년~04년)
KG모빌리티(쌍용),무쏘,뉴무쏘 밴 (98년~04년)
KG모빌리티(쌍용),무쏘,무쏘 (93년~98년)
KG모빌리티(쌍용),이스타나,이스타나 (95년~03년)
KG모빌리티(쌍용),뉴훼미리,뉴훼미리 (94년~97년)
KG모빌리티(쌍용),칼리스타,칼리스타 (92년~94년)
기타 제조사,기타 승용차,기타 (80년~현재)
기타 제조사,어울림모터스,어울림모터스-스피라 (10년~현재)
BMW,5시리즈,5시리즈 (G60) (23년~현재)
BMW,5시리즈,5시리즈 (G30) (17년~23년)
BMW,5시리즈,5시리즈 (F10) (10년~16년)
BMW,5시리즈,5시리즈 (E60) (03년~10년)
BMW,5시리즈,5시리즈 (72년~03년)
BMW,3시리즈,3시리즈 (G20) (19년~현재)
BMW,3시리즈,3시리즈 (F30) (12년~18년)
BMW,3시리즈,3시리즈 (E90) (05년~13년)
BMW,3시리즈,3시리즈 (75년~06년)
BMW,X5,X5 (G05) (19년~현재)
BMW,X5,X5 (F15) (13년~18년)
BMW,X5,X5 (E70) (07년~13년)
BMW,X5,X5 (E53) (00년~06년)
BMW,7시리즈,7시리즈 (G70) (22년~현재)
BMW,7시리즈,7시리즈 (G11) (15년~22년)
BMW,7시리즈,7시리즈 (F01) (08년~15년)
BMW,7시리즈,7시리즈 (E65) (02년~08년)
BMW,7시리즈,7시리즈 (77년~01년)
BMW,그란투리스모 (GT),6시리즈 GT (G32) (17년~현재)
BMW,그란투리스모 (GT),3시리즈 GT (F34) (13년~21년)
BMW,그란투리스모 (GT),5시리즈 GT (F07) (10년~17년)
BMW,X6,X6 (G06) (20년~현재)
BMW,X6,X6 (F16) (14년~19년)
BMW,X6,X6 (E71) (08년~14년)
BMW,X3,X3 (G45) (24년~현재)
BMW,X3,X3 (G01) (17년~24년)
BMW,X3,X3 (F25) (11년~17년)
BMW,X3,X3 (E83) (04년~10년)
BMW,X7,X7 (G07) (19년~현재)
BMW,X4,X4 (G02) (18년~현재)
BMW,X4,X4 (F26) (14년~18년)
BMW,4시리즈,4시리즈 (G22) (21년~현재)
BMW,4시리즈,4시리즈 (F32) (13년~20년)
BMW,1시리즈,1시리즈 (F40) (20년~현재)
BMW,1시리즈,1시리즈 (F20) (12년~19년)
BMW,1시리즈,1시리즈 (E82) (04년~13년)
BMW,X1,X1 (U11) (23년~현재)
BMW,X1,X1 (F48) (16년~23년)
BMW,X1,X1 (E84) (10년~15년)
BMW,2시리즈,2시리즈 액티브 투어러 (U06) (22년~현재)
BMW,2시리즈,2시리즈 (G42) (22년~현재)
BMW,2시리즈,2시리즈 그란쿠페 (F44) (20년~현재)
BMW,2시리즈,2시리즈 액티브 투어러 (F45) (15년~22년)
BMW,2시리즈,2시리즈 (F22) (13년~15년)
BMW,Z4,Z4 (G29) (19년~현재)
BMW,Z4,Z4 (E89) (09년~16년)
BMW,Z4,Z4 (E85) (02년~08년)
BMW,8시리즈,8시리즈 (G15) (19년~현재)
BMW,8시리즈,8시리즈 (89년~99년)
BMW,M4,M4 (G82) (21년~현재)
BMW,M4,M4 (F82) (14년~21년)
BMW,6시리즈,6시리즈 (F12) (11년~18년)
BMW,6시리즈,6시리즈 (E63) (03년~10년)
BMW,M3,M3 (G80) (21년~현재)
BMW,M3,M3 (F80) (14년~21년)
BMW,M3,M3 (E90) (07년~13년)
BMW,M3,M3 (E46) (00년~06년)
BMW,M3,M3 (E36) (92년~99년)
BMW,M5,M5 (G90) (24년~현재)
BMW,M5,M5 (F90) (18년~24년)
BMW,M5,M5 (F10) (12년~17년)
BMW,M5,M5 (E60) (05년~10년)
BMW,M5,M5 (E39) (98년~03년)
BMW,M5,M5 (E34) (88년~95년)
BMW,M5,M5 (E28) (84년~88년)
BMW,i4,i4 (21년~현재)
BMW,M2,M2 (G87) (23년~현재)
BMW,M2,M2 (F87) (16년~23년)
BMW,X6M,X6M (G06) (20년~현재)
BMW,X6M,X6M (F16) (15년~19년)
BMW,X6M,X6M (E71) (09년~14년)
BMW,i5,i5 (G60) (23년~현재)
BMW,X2,X2 (U10) (24년~현재)
BMW,X2,X2 (F39) (18년~24년)
BMW,XM,XM (G09) (23년~현재)
BMW,iX,iX (21년~현재)
BMW,i7,i7 (G70) (22년~현재)
BMW,i8,i8 (14년~20년)
BMW,iX3,iX3 (21년~현재)
BMW,X5M,X5M (G05) (20년~현재)
BMW,X5M,X5M (F15) (15년~18년)
BMW,X5M,X5M (E70) (10년~13년)
BMW,X4M,X4M (G02) (19년~현재)
BMW,i3,i3 (14년~22년)
BMW,M6,M6 (F12) (12년~18년)
BMW,M6,M6 (E63) (05년~10년)
BMW,iX1,iX1 (U11) (23년~현재)
BMW,M8,M8 (G15) (19년~현재)
BMW,X3M,X3M (G01) (19년~현재)
BMW,Z3,Z3 (96년~02년)
BMW,M 쿠페/로드스터,iX3 (21년~현재)
BMW,iX2,iX2 (U10) (25년~현재)
BMW,기타,기타 (80년~현재)
GMC,시에라,시에라 (99년~현재)
GMC,사바나,사바나 (96년~현재)
GMC,캐니언,캐니언 (04년~현재)
GMC,밴츄라,밴츄라 (71년~96년)
GMC,유콘,유콘 (92년~현재)
GMC,허머EV,허머EV (22년~현재)
GMC,사파리,사파리 (95년~05년)
GMC,소노마,소노마 (82년~04년)
GMC,지미,지미 (83년~94년)
GMC,터레인,터레인 (10년~현재)
GMC,기타,기타 (80년~현재)
닛산,알티마,알티마 (L34) (19년~현재)
닛산,알티마,알티마 (93년~18년)
닛산,큐브,큐브 (98년~19년)
닛산,쥬크,쥬크 (11년~현재)
닛산,리프,리프 (ZE1) (19년~현재)
닛산,리프,리프 (10년~18년)
닛산,맥시마,맥시마 (A36) (15년~현재)
닛산,맥시마,맥시마 (76년~14년)
닛산,무라노,무라노 (Z52) (15년~현재)
닛산,무라노,무라노 (02년~14년)
닛산,캐시카이,캐시카이 2세대 (14년~현재)
닛산,엑스트레일,엑스트레일 (19년~현재)
닛산,370Z,370Z (09년~현재)
닛산,패스파인더,패스파인더 4세대 (13년~현재)
닛산,패스파인더,패스파인더 (86년~12년)
닛산,스카이라인,스카이라인 (81년~현재)
닛산,로그,로그 (T32) (14년~20년)
닛산,로그,로그 (S35) (07년~13년)
닛산,GT-R,GT-R (07년~현재)
닛산,마치,마치 (82년~현재)
닛산,프론티어,프론티어 (97년~현재)
닛산,350Z,350Z (03년~09년)
닛산,엘그란드,엘그란드 (97년~현재)
닛산,퀘스트,퀘스트 (93년~현재)
닛산,휘가로,휘가로 (91년~91년)
닛산,300ZX,300ZX (83년~00년)
닛산,노트,노트 (05년~현재)
닛산,로렐,로렐 (68년~02년)
닛산,모코,모코 (02년~현재)
닛산,버사,버사 (04년~현재)
닛산,베르사,베르사 (07년~현재)
닛산,블루버드 실피,블루버드 실피 (00년~12년)
닛산,블루버드,블루버드 (57년~01년)
닛산,세드릭,세드릭 (60년~04년)
닛산,세레나,세레나 (91년~현재)
닛산,세피로,세피로 (88년~03년)
닛산,센트라,센트라 (82년~현재)
닛산,시마,시마 (88년~현재)
닛산,실비아,실비아 (64년~02년)
닛산,알마다,알마다 (04년~현재)
닛산,엑스테라,엑스테라 (00년~현재)
닛산,윙로드,윙로드 (06년~현재)
닛산,타이탄,타이탄 (04년~현재)
닛산,티아나,티아나 (03년~현재)
닛산,파오,파오 (89년~91년)
닛산,펄사,펄사 (78년~00년)
닛산,푸가,푸가 (04년~현재)
닛산,프레리,프레리 (82년~04년)
닛산,프레지던트,프레지던트 (65년~10년)
닛산,180SX,180SX (89년~98년)
닛산,200SX,200SX (74년~02년)
닛산,240SX,240SX (89년~98년)
닛산,280ZX,280ZX (78년~83년)
닛산,NV,NV (11년~현재)
닛산,기타,기타 (80년~현재)
닛산,라페스타,라페스타 (04년~17년)
다이하쯔,코펜,코펜 (02년~현재)
다이하쯔,미라,미라 코코아 (09년~현재)
다이하쯔,미라,미라 (89년~현재)
다이하쯔,마테리아,마테리아 (06년~12년)
다이하쯔,무브,무브 (95년~현재)
다이하쯔,미라지노,미라지노 (99년~09년)
다이하쯔,분,분 (04년~현재)
다이하쯔,에쎄,에쎄 (05년~11년)
다이하쯔,웨이크,웨이크 (14년~현재)
다이하쯔,캐스트,캐스트 (15년~현재)
다이하쯔,탄토,탄토 (03년~현재)
다이하쯔,테리오스,테리오스 (97년~현재)
닷지,램픽업,램픽업 (81년~현재)
닷지,챌린저,챌린저 (78년~현재)
닷지,다코타,다코타 (87년~11년)
닷지,차저,차저 (06년~현재)
닷지,캘리버,캘리버 (06년~현재)
닷지,듀랑고,듀랑고 (98년~현재)
닷지,니트로,니트로 (06년~12년)
닷지,램밴,램밴 (71년~03년)
닷지,인트레피드,인트레피드 (93년~04년)
닷지,기타,기타 (80년~현재)
닷지,매그넘,매그넘 (05년~08년)
닷지,바이퍼,바이퍼 (92년~17년)
닷지,밴,밴 (64년~96년)
닷지,어벤저,어벤저 (95년~14년)
닷지,캐러밴,캐러밴 (84년~현재)
닷지,그랜드 캐러밴,그랜드 캐러밴 (84년~현재)
도요타,캠리,캠리 (XV80) (24년~현재)
도요타,캠리,캠리 (XV70) (17년~24년)
도요타,캠리,뉴 캠리 (12년~17년)
도요타,캠리,캠리 (86년~11년)
도요타,프리우스,프리우스 5세대 (23년~현재)
도요타,프리우스,프리우스 C (18년~21년)
도요타,프리우스,프리우스 프라임 (17년~현재)
도요타,프리우스,프리우스 4세대 (16년~23년)
도요타,프리우스,프리우스 V (12년~21년)
도요타,프리우스,프리우스 (97년~15년)
도요타,RAV4,RAV4 5세대 (19년~현재)
도요타,RAV4,RAV4 (94년~18년)
도요타,시에나,시에나 4세대 (20년~현재)
도요타,시에나,시에나 (98년~20년)
도요타,알파드,알파드 4세대 (23년~현재)
도요타,알파드,알파드 (02년~22년)
도요타,86,GR86 (22년~현재)
도요타,86,86 (12년~현재)
도요타,크라운,크라운 크로스오버 (23년~현재)
도요타,크라운,크라운 마제스타 (91년~현재)
도요타,크라운,크라운 (79년~현재)
도요타,아발론,아발론 5세대 (18년~현재)
도요타,아발론,아발론 (94년~18년)
도요타,FJ 크루져,FJ 크루져 (06년~14년)
도요타,하이랜더,하이랜더 4세대 (23년~현재)
도요타,하이랜더,하이랜더 (01년~20년)
도요타,툰드라,툰드라 (00년~현재)
도요타,bB,bB (00년~16년)
도요타,타코마,타코마 (95년~현재)
도요타,수프라,수프라 5세대 (20년~현재)
도요타,수프라,수프라 (78년~02년)
도요타,아이고,아이고 (05년~현재)
도요타,MR-S,MR-S (99년~07년)
도요타,에스티마,에스티마 (90년~현재)
도요타,코롤라,코롤라 (66년~현재)
도요타,랜드크루저,랜드크루저 (80년~현재)
도요타,셀리카,셀리카 (70년~06년)
도요타,소아라,소아라 (81년~04년)
도요타,솔라라,솔라라 (98년~09년)
도요타,야리스(비츠),야리스(비츠) (99년~현재)
도요타,체이서,체이서 (77년~01년)
도요타,프리비아,프리비아 (90년~현재)
도요타,4Runner,4Runner (84년~현재)
도요타,C-HR,C-HR (16년~현재)
도요타,MR-2,MR-2 (84년~07년)
도요타,WiLL,WiLL (00년~05년)
도요타,iQ,iQ (08년~16년)
도요타,가이아,가이아 (98년~04년)
도요타,노아,노아 (01년~현재)
도요타,라움,라움 (03년~11년)
도요타,락티스,락티스 (05년~16년)
도요타,마크2,마크2 (76년~04년)
도요타,마크X,마크X (04년~현재)
도요타,매트릭스,매트릭스 (03년~14년)
도요타,복시,복시 (01년~현재)
도요타,베르소,베르소 (09년~18년)
도요타,벤자,벤자 (09년~17년)
도요타,벨파이어,벨파이어 (08년~현재)
도요타,비스타,비스타 (82년~03년)
도요타,사이,사이 (09년~17년)
도요타,세라,세라 (90년~96년)
도요타,세콰이어,세콰이어 (01년~현재)
도요타,셀시오,셀시오 (89년~06년)
도요타,시엔타,시엔타 (03년~현재)
도요타,알테자,알테자 (98년~05년)
도요타,액스트라캡,액스트라캡 (93년~98년)
도요타,에스콰이어,에스콰이어 (14년~현재)
도요타,위시,위시 (03년~현재)
도요타,이스트,이스트 (02년~16년)
도요타,입섬,입섬 (97년~09년)
도요타,카미,카미 (99년~06년)
도요타,카리나,카리나 (70년~01년)
도요타,코로나,코로나 (78년~03년)
도요타,코르사,코르사 (78년~99년)
도요타,파쏘,파쏘 (04년~현재)
도요타,펀 카고,펀 카고 (99년~05년)
도요타,포르테,포르테 (04년~현재)
도요타,프레미오,프레미오 (01년~현재)
도요타,픽업,픽업 (68년~05년)
도요타,하이럭스 써프,하이럭스 써프 (84년~09년)
도요타,하이에이스,하이에이스 (67년~현재)
도요타,해리어,해리어 (97년~현재)
도요타,기타,기타 (80년~현재)
동풍소콘,C35,C35 (17년~현재)
동풍소콘,펜콘 ix5,펜콘 ix5 (19년~현재)
동풍소콘,C31,C31 (17년~현재)
동풍소콘,C32,C32 (18년~현재)
동풍소콘,SX6,SX6 (16년~현재)
람보르기니,우라칸,우라칸 (14년~현재)
람보르기니,우루스,우루스 (18년~현재)
람보르기니,아벤타도르,아벤타도르 (11년~22년)
람보르기니,가야르도,가야르도 (03년~13년)
람보르기니,디아블로,디아블로 (90년~02년)
람보르기니,레부엘토,레부엘토 (25년~현재)
람보르기니,레벤톤,레벤톤 (08년~09년)
람보르기니,무르시엘라고,무르시엘라고 (01년~10년)
람보르기니,잘파,잘파 (81년~88년)
람보르기니,기타,기타 (80년~현재)
랜드로버,디스커버리 스포츠,디스커버리 스포츠 2세대 (20년~현재)
랜드로버,디스커버리 스포츠,디스커버리 스포츠 (15년~19년)
랜드로버,레인지로버,레인지로버 5세대 (22년~현재)
랜드로버,레인지로버,레인지로버 4세대 (13년~22년)
랜드로버,레인지로버,레인지로버 (70년~12년)
랜드로버,레인지로버 이보크,레인지로버 이보크 2세대 (19년~현재)
랜드로버,레인지로버 이보크,레인지로버 이보크 (11년~19년)
랜드로버,디스커버리,디스커버리 5 (17년~현재)
랜드로버,디스커버리,디스커버리 4 (09년~16년)
랜드로버,디스커버리,디스커버리 3 (04년~09년)
랜드로버,디스커버리,디스커버리 2 (99년~05년)
랜드로버,디스커버리,디스커버리 (89년~98년)
랜드로버,레인지로버 스포츠,레인지로버 스포츠 3세대 (22년~현재)
랜드로버,레인지로버 스포츠,레인지로버 스포츠 2세대 (13년~22년)
랜드로버,레인지로버 스포츠,레인지로버 스포츠 (04년~13년)
랜드로버,레인지로버 벨라,레인지로버 벨라 (17년~현재)
랜드로버,디펜더,디펜더 (L663) (20년~현재)
랜드로버,디펜더,디펜더 (83년~16년)
랜드로버,프리랜더,프리랜더2 (06년~14년)
랜드로버,프리랜더,프리랜더 (97년~06년)
랜드로버,기타,기타 (80년~현재)
렉서스,ES,ES300h 7세대 (18년~현재)
렉서스,ES,뉴 ES350 (12년~18년)
렉서스,ES,뉴 ES300h (12년~18년)
렉서스,ES,뉴 ES250 (12년~18년)
렉서스,ES,ES350 (06년~12년)
렉서스,ES,ES330 (01년~06년)
렉서스,ES,ES300 (91년~06년)
렉서스,NX,NX450h+ 2세대 (22년~현재)
렉서스,NX,NX350h 2세대 (22년~현재)
렉서스,NX,NX300 (17년~21년)
렉서스,NX,NX200t (15년~17년)
렉서스,NX,NX300h (14년~21년)
렉서스,RX,RX350h 5세대 (23년~현재)
렉서스,RX,RX450h+ 5세대 (23년~현재)
렉서스,RX,RX500h 5세대 (23년~현재)
렉서스,RX,RX450hL 4세대 (20년~23년)
렉서스,RX,RX350 4세대 (16년~23년)
렉서스,RX,RX450h 4세대 (16년~23년)
렉서스,RX,RX450h (09년~15년)
렉서스,RX,RX400h (03년~09년)
렉서스,RX,RX330 (03년~09년)
렉서스,RX,RX350 (97년~15년)
렉서스,RX,RX300 (97년~03년)
렉서스,LS,LS500 5세대 (18년~현재)
렉서스,LS,LS500h 5세대 (17년~현재)
렉서스,LS,LS600hL (06년~17년)
렉서스,LS,LS460L (06년~17년)
렉서스,LS,LS460 (06년~17년)
렉서스,LS,LS430 (00년~06년)
렉서스,LS,LS400 (89년~00년)
렉서스,UX,UX300h (24년~현재)
렉서스,UX,UX300e (22년~현재)
렉서스,UX,UX250h (19년~24년)
렉서스,IS,뉴 IS300 (17년~21년)
렉서스,IS,뉴 IS200t (15년~17년)
렉서스,IS,뉴 IS250 (13년~15년)
렉서스,IS,IS F (07년~14년)
렉서스,IS,IS250 (05년~13년)
렉서스,IS,IS350 (05년~13년)
렉서스,IS,IS200 (98년~05년)
렉서스,IS,IS300 (98년~13년)
렉서스,CT200h,CT200h (10년~현재)
렉서스,GS,뉴 GS300 (17년~현재)
렉서스,GS,뉴 GS200t (16년~17년)
렉서스,GS,뉴 GS F (16년~현재)
렉서스,GS,뉴 GS250 (12년~16년)
렉서스,GS,뉴 GS350 (12년~현재)
렉서스,GS,뉴 GS450h (12년~현재)
렉서스,GS,GS460 (05년~12년)
렉서스,GS,GS350 (97년~12년)
렉서스,GS,GS400 (97년~05년)
렉서스,GS,GS430 (97년~12년)
렉서스,GS,GS450h (97년~12년)
렉서스,GS,GS300 (91년~12년)
렉서스,LM,LM 2세대 (24년~현재)
렉서스,RC,RC300 (19년~현재)
렉서스,RC,RC200t (16년~현재)
렉서스,RC,RC350 (15년~현재)
렉서스,RC,RC F (15년~현재)
렉서스,RZ,RZ450e (23년~현재)
렉서스,SC,SC430 (01년~10년)
렉서스,SC,SC300 (91년~00년)
렉서스,LC,LC (17년~현재)
렉서스,LX,LX (96년~현재)
렉서스,GX,GX460 (09년~현재)
렉서스,GX,GX470 (02년~09년)
렉서스,기타,기타 (80년~현재)
MG로버,MG,MGTF (02년~05년)
MG로버,MG,MGF (95년~05년)
MG로버,75,75 (99년~05년)
로터스,에미라,에미라 (21년~현재)
로터스,에보라,에보라 (09년~현재)
로터스,엑시지,엑시지 (00년~현재)
로터스,엘리스,엘리스 (96년~현재)
로터스,2-Eleven,2-Eleven (07년~11년)
로터스,에메야,에메야 (24년~현재)
로터스,에스프리,에스프리 (76년~04년)
로터스,엘레트라,엘레트라 (24년~현재)
로터스,유로파,유로파 (06년~10년)
로터스,기타,기타 (80년~현재)
롤스로이스,고스트,고스트 2세대 (20년~현재)
롤스로이스,고스트,고스트 (10년~20년)
롤스로이스,컬리넌,컬리넌 (18년~현재)
롤스로이스,레이스,레이스 (14년~현재)
롤스로이스,팬텀,팬텀 (03년~현재)
롤스로이스,던,던 (16년~현재)
롤스로이스,스펙터,스펙터 (23년~현재)
롤스로이스,실버스퍼,실버스퍼 (80년~98년)
롤스로이스,코니쉬,코니쉬 (71년~02년)
르노,기타,기타 (80년~현재)
르노,라구나,라구나 (93년~15년)
르노,메간,메간 (95년~현재)
르노,알핀,알핀 (17년~현재)
르노,클리오,클리오 (90년~현재)
링컨,MKZ,뉴 MKZ (10년~현재)
링컨,MKZ,MKZ (05년~09년)
링컨,에비에이터,에비에이터 2세대 (19년~현재)
링컨,에비에이터,에비에이터 1세대 (02년~05년)
링컨,MKC,MKC (14년~현재)
링컨,노틸러스,노틸러스 2세대 (23년~현재)
링컨,노틸러스,노틸러스 1세대 (19년~23년)
링컨,코세어,코세어 (20년~현재)
링컨,컨티넨탈,컨티넨탈 10세대 (16년~현재)
링컨,컨티넨탈,컨티넨탈 (80년~02년)
링컨,네비게이터,네비게이터 4세대 (18년~현재)
링컨,네비게이터,네비게이터 (97년~17년)
링컨,MKX,MKX 2세대 (15년~18년)
링컨,MKX,뉴 MKX (10년~15년)
링컨,MKX,MKX (06년~10년)
링컨,MKS,뉴 MKS (12년~16년)
링컨,MKS,MKS (08년~12년)
링컨,타운카,타운카 (81년~11년)
링컨,LS,LS (99년~06년)
링컨,MKT,MKT (09년~현재)
마세라티,기블리,기블리 (13년~현재)
마세라티,르반떼,르반떼 (16년~현재)
마세라티,콰트로포르테,콰트로포르테 (63년~현재)
마세라티,그란투리스모,그란투리스모 2세대 (24년~현재)
마세라티,그란투리스모,그란투리스모 (07년~20년)
마세라티,그레칼레,그레칼레 (22년~현재)
마세라티,그란카브리오,그란카브리오 2세대 (24년~현재)
마세라티,그란카브리오,그란카브리오 (10년~20년)
마세라티,MC20,MC20 (21년~현재)
마세라티,쿠페,쿠페 (02년~07년)
마세라티,스파이더,스파이더 (02년~07년)
마세라티,그란스포츠,그란스포츠 (04년~07년)
마세라티,3200,3200 (98년~02년)
마세라티,MC12,MC12 (04년~05년)
마세라티,기타,기타 (80년~현재)
마이바흐,62,62 (02년~12년)
마이바흐,57,57 (02년~12년)
마이바흐,62s,62s (06년~12년)
마이바흐,57s,57s (05년~12년)
마이바흐,62 제플린,62 제플린 (10년~12년)
마이바흐,57 제플린,57 제플린 (10년~12년)
마이바흐,62s 렌들렛,62s 렌들렛 (08년~10년)
마쯔다,MX-5 MIATA,MX-5 MIATA (89년~현재)
마쯔다,RX-8,RX-8 (03년~12년)
마쯔다,마쯔다 3,마쯔다 3 (03년~현재)
마쯔다,유노스,유노스 (89년~97년)
마쯔다,626,626 (79년~02년)
마쯔다,AZ-1,AZ-1 (92년~95년)
마쯔다,CX-3,CX-3 (15년~현재)
마쯔다,CX-5,CX-5 (12년~현재)
마쯔다,CX-7,CX-7 (06년~12년)
마쯔다,CX-9,CX-9 (06년~현재)
마쯔다,MPV,MPV (88년~16년)
마쯔다,MX-3,MX-3 (91년~98년)
마쯔다,MX-6,MX-6 (87년~97년)
마쯔다,RX-7,RX-7 (78년~02년)
마쯔다,데미오,데미오 (96년~현재)
마쯔다,마쯔다 5,마쯔다 5 (99년~15년)
마쯔다,마쯔다 6,마쯔다 6 (02년~현재)
마쯔다,비안테,비안테 (08년~18년)
마쯔다,밀레니아,밀레니아 (92년~03년)
마쯔다,프로티지,프로티지 (63년~03년)
마쯔다,플레어 크로스오버,플레어 크로스오버 (14년~현재)
마쯔다,기타,기타 (80년~현재)
맥라렌,720S,720S (17년~현재)
맥라렌,570S,570S (15년~현재)
맥라렌,650S,650S (14년~17년)
맥라렌,600LT,600LT (18년~현재)
맥라렌,아투라,아투라 (21년~현재)
맥라렌,750S,750S (23년~현재)
맥라렌,GT,GT (19년~현재)
맥라렌,765LT,765LT (21년~현재)
맥라렌,570GT,570GT (16년~현재)
맥라렌,675LT,675LT (15년~17년)
맥라렌,MP4-12C,MP4-12C (11년~14년)
맥라렌,세나,세나 (18년~현재)
맥라렌,540C,540C (16년~19년)
머큐리,세이블,세이블 (85년~09년)
머큐리,그랜드 마퀴스,그랜드 마퀴스 (83년~11년)
머큐리,미스틱,미스틱 (95년~00년)
머큐리,빌리저,빌리저 (93년~02년)
머큐리,쿠거,쿠거 (67년~02년)
미니,쿠퍼,쿠퍼 C 4세대 (24년~현재)
미니,쿠퍼,쿠퍼 S 4세대 (24년~현재)
미니,쿠퍼,쿠퍼 일렉트릭 (22년~24년)
미니,쿠퍼,쿠퍼 SD (12년~19년)
미니,쿠퍼,쿠퍼 D (07년~19년)
미니,쿠퍼,쿠퍼 (01년~24년)
미니,쿠퍼,쿠퍼 S (01년~24년)
미니,컨트리맨,쿠퍼 S 컨트리맨 3세대 (24년~현재)
미니,컨트리맨,쿠퍼 D 컨트리맨 (11년~23년)
미니,컨트리맨,쿠퍼 SD 컨트리맨 (11년~현재)
미니,컨트리맨,쿠퍼 컨트리맨 (11년~현재)
미니,컨트리맨,쿠퍼 S 컨트리맨 (11년~24년)
미니,클럽맨,쿠퍼 SD 클럽맨 (13년~현재)
미니,클럽맨,쿠퍼 D 클럽맨 (09년~현재)
미니,클럽맨,쿠퍼 클럽맨 (07년~현재)
미니,클럽맨,쿠퍼 S 클럽맨 (07년~현재)
미니,쿠퍼 컨버터블,쿠퍼 컨버터블 (01년~현재)
미니,쿠퍼 컨버터블,쿠퍼 S 컨버터블 (01년~현재)
미니,쿠페,쿠퍼 SD 쿠페 (12년~15년)
미니,쿠페,쿠퍼 쿠페 (11년~15년)
미니,쿠페,쿠퍼 S 쿠페 (11년~15년)
미니,로드스터,쿠퍼 로드스터 (12년~15년)
미니,로드스터,쿠퍼 S 로드스터 (12년~15년)
미니,페이스맨,쿠퍼 D 페이스맨 (13년~현재)
미니,페이스맨,쿠퍼 SD 페이스맨 (13년~현재)
미니,로버 미니,로버 미니 (76년~01년)
미쯔비시,랜서 에볼루션,랜서 에볼루션 (92년~14년)
미쯔비시,이클립스,이클립스 (90년~12년)
미쯔비시,3000GT,3000GT (95년~99년)
미쯔비시,FTO,FTO (94년~00년)
미쯔비시,GTO,GTO (90년~01년)
미쯔비시,RVR,RVR (12년~현재)
미쯔비시,갤랑,갤랑 (80년~12년)
미쯔비시,랜서,랜서 (73년~17년)
미쯔비시,몬테로,몬테로 (82년~현재)
미쯔비시,아웃랜더,아웃랜더 (01년~현재)
미쯔비시,아이,아이 (06년~13년)
미쯔비시,파제로,파제로 (82년~현재)
미쯔비시,기타,기타 (80년~현재)
미쯔오까,가류,가류 (96년~현재)
미쯔오까,라세드,라세드 (00년~04년)
미쯔오까,누에라,누에라 (04년~12년)
미쯔오까,레인보우,레인보우 (18년~현재)
미쯔오까,뷰트,뷰트 (93년~현재)
미쯔오까,오로치,오로치 (06년~14년)
미쯔오까,히미코,히미코 (08년~현재)
벤츠,E-클래스,E-클래스 W214 (24년~현재)
벤츠,E-클래스,E-클래스 W213 (16년~24년)
벤츠,E-클래스,E-클래스 W212 (09년~17년)
벤츠,E-클래스,E-클래스 W211 (02년~09년)
벤츠,E-클래스,E-클래스 W210 (95년~02년)
벤츠,E-클래스,E-클래스 W124 (84년~95년)
벤츠,E-클래스,E-클래스 W123 (76년~85년)
벤츠,S-클래스,S-클래스 W223 (21년~현재)
벤츠,S-클래스,S-클래스 W222 (13년~21년)
벤츠,S-클래스,S-클래스 W221 (05년~13년)
벤츠,S-클래스,S-클래스 (93년~06년)
벤츠,C-클래스,C-클래스 W206 (22년~현재)
벤츠,C-클래스,C-클래스 W205 (14년~24년)
벤츠,C-클래스,C-클래스 W204 (07년~14년)
벤츠,C-클래스,C-클래스 (93년~07년)
벤츠,GLC-클래스,GLC-클래스 X254 (23년~현재)
벤츠,GLC-클래스,GLC-클래스 X253 (16년~23년)
벤츠,CLS-클래스,CLS-클래스 C257 (18년~24년)
벤츠,CLS-클래스,CLS-클래스 W218 (11년~17년)
벤츠,CLS-클래스,CLS-클래스 W219 (04년~11년)
벤츠,GLE-클래스,GLE-클래스 W167 (19년~현재)
벤츠,GLE-클래스,GLE-클래스 W166 (16년~19년)
벤츠,A-클래스,A-클래스 W177 (19년~현재)
벤츠,A-클래스,A-클래스 W176 (13년~18년)
벤츠,A-클래스,A-클래스 W169 (04년~12년)
벤츠,A-클래스,A-클래스 W168 (97년~04년)
벤츠,G-클래스,G-클래스 W465 (24년~현재)
벤츠,G-클래스,G-클래스 W463b (19년~24년)
벤츠,G-클래스,G-클래스 W463 (79년~18년)
벤츠,CLA-클래스,CLA-클래스 C118 (20년~현재)
벤츠,CLA-클래스,CLA-클래스 C117 (14년~19년)
벤츠,GLA-클래스,GLA-클래스 H247 (20년~현재)
벤츠,GLA-클래스,GLA-클래스 X156 (14년~20년)
벤츠,AMG GT,AMG GT (14년~현재)
벤츠,GLS-클래스,GLS-클래스 X167 (20년~현재)
벤츠,GLS-클래스,GLS-클래스 X166 (16년~19년)
벤츠,GLB-클래스,GLB-클래스 X247 (20년~현재)
벤츠,CLE-클래스,CLE-클래스 C236 (24년~현재)
벤츠,EQS,EQS SUV X296 (23년~현재)
벤츠,EQS,EQS V297 (21년~현재)
벤츠,B-클래스,B-클래스 W246 (12년~18년)
벤츠,B-클래스,B-클래스 W245 (05년~11년)
벤츠,EQE,EQE SUV X294 (23년~현재)
벤츠,EQE,EQE V295 (22년~현재)
벤츠,스프린터,스프린터 (95년~현재)
벤츠,SL-클래스,SL-클래스 R232 (23년~현재)
벤츠,SL-클래스,뉴 SL-클래스 (08년~20년)
벤츠,SL-클래스,SL-클래스 (54년~08년)
벤츠,SLK-클래스,뉴 SLK-클래스 (04년~16년)
벤츠,SLK-클래스,SLK-클래스 (96년~04년)
벤츠,GLK-클래스,GLK-클래스 X204 (09년~15년)
벤츠,M-클래스,M-클래스 W166 (12년~15년)
벤츠,M-클래스,M-클래스 W164 (05년~11년)
벤츠,M-클래스,M-클래스 W163 (97년~05년)
벤츠,EQA,EQA H243 (21년~현재)
벤츠,V-클래스,V-클래스 (96년~현재)
벤츠,EQB,EQB X243 (22년~현재)
벤츠,SLC-클래스,SLC-클래스 R172 (16년~21년)
벤츠,CL-클래스,CL-클래스 C216 (07년~13년)
벤츠,CL-클래스,CL-클래스 C215 (99년~06년)
벤츠,CL-클래스,CL-클래스 C140 (92년~99년)
벤츠,EQC,EQC N293 (19년~현재)
벤츠,SEL/SEC,SEL/SEC (72년~94년)
벤츠,GL-클래스,GL-클래스 X166 (12년~16년)
벤츠,GL-클래스,GL-클래스 X164 (06년~12년)
벤츠,CLK-클래스,CLK-클래스 C209 (02년~09년)
벤츠,CLK-클래스,CLK-클래스 C208 (97년~03년)
벤츠,SLS AMG,SLS AMG (10년~14년)
벤츠,R-클래스,R-클래스 (05년~13년)
벤츠,190-클래스,190-클래스 (82년~94년)
벤츠,기타,기타 (80년~현재)
벤츠,SLR,SLR (03년~10년)
벤틀리,컨티넨탈,컨티넨탈 GT 4세대 (24년~현재)
벤틀리,컨티넨탈,컨티넨탈 GT 3세대 (18년~24년)
벤틀리,컨티넨탈,컨티넨탈 GT 2세대 (11년~18년)
벤틀리,컨티넨탈,컨티넨탈 GT 1세대 (03년~11년)
벤틀리,플라잉스퍼,플라잉스퍼 4세대 (24년~현재)
벤틀리,플라잉스퍼,플라잉스퍼 3세대 (20년~24년)
벤틀리,플라잉스퍼,플라잉스퍼 2세대 (13년~19년)
벤틀리,플라잉스퍼,플라잉스퍼 1세대 (05년~13년)
벤틀리,벤테이가,벤테이가 (16년~현재)
벤틀리,뮬산,뮬산 (10년~현재)
벤틀리,브룩랜즈,브룩랜즈 (92년~11년)
벤틀리,아르나지,아르나지 (98년~09년)
벤틀리,아주르,아주르 (95년~11년)
벤틀리,에이트,에이트 (84년~92년)
볼보,XC60,XC60 2세대 (17년~현재)
볼보,XC60,XC60 (09년~17년)
볼보,S90,S90 (16년~현재)
볼보,XC90,XC90 2세대 (16년~현재)
볼보,XC90,XC90 (03년~14년)
볼보,S60,S60 3세대 (19년~현재)
볼보,S60,S60 크로스컨트리 (15년~18년)
볼보,S60,S60 (00년~18년)
볼보,XC40,XC40 리차지 (22년~현재)
볼보,XC40,XC40 (18년~현재)
볼보,V60,V60 크로스컨트리 2세대 (19년~현재)
볼보,V60,V60 크로스컨트리 (15년~18년)
볼보,V60,V60 (10년~18년)
볼보,V40,V40 크로스컨트리 (13년~현재)
볼보,V40,V40 (95년~19년)
볼보,V90,V90 크로스컨트리 (17년~현재)
볼보,S80,S80 (98년~16년)
볼보,C40,C40 리차지 (22년~현재)
볼보,XC70,XC70 (97년~16년)
볼보,C30,C30 (06년~13년)
볼보,S40,S40 (95년~12년)
볼보,V50,V50 (04년~12년)
볼보,850,850 (92년~97년)
볼보,940,940 (90년~98년)
볼보,C70,C70 (97년~13년)
볼보,S70,S70 (97년~00년)
볼보,740,740 (84년~92년)
볼보,960,960 (90년~98년)
볼보,EX30,EX30 (24년~현재)
볼보,V70,V70 (97년~12년)
볼보,760,760 (82년~90년)
볼보,기타,기타 (80년~현재)
부가티,베이론 16.4,베이론 16.4 (05년~15년)
부가티,EB110,EB110 (91년~95년)
북기은상,CK 미니밴,CK 미니밴 (15년~현재)
북기은상,켄보 600,켄보 600 (17년~현재)
북기은상,CK 미니트럭,CK 미니트럭 (15년~현재)
뷰익,르사블,르사블 (59년~05년)
뷰익,리갈,리갈 (73년~현재)
뷰익,센츄리,센츄리 (36년~05년)
뷰익,리비에라,리비에라 (63년~99년)
뷰익,테라자,테라자 (05년~07년)
뷰익,파크애비뉴,파크애비뉴 (91년~12년)
사브,9-3,9-3 2세대 (03년~09년)
사브,9-3,9-3 1세대 (99년~04년)
사브,9000,9000 (84년~97년)
사브,900,900 (78년~98년)
사브,9-5,9-5 2세대 (10년~12년)
사브,9-5,9-5 1세대 (97년~09년)
사브,기타,기타 (80년~현재)
사이언,tC,tC (04년~16년)
사이언,xA,xA (04년~06년)
사이언,xB,xB (04년~15년)
사이언,xD,xD (07년~14년)
새턴,S시리즈,S시리즈 (91년~01년)
새턴,뷰,뷰 (01년~10년)
새턴,스카이,스카이 (07년~10년)
새턴,아스트라,아스트라 (08년~09년)
쉐보레,익스프레스밴,익스프레스밴 (91년~현재)
쉐보레,콜벳,콜벳 (53년~현재)
쉐보레,서버밴,서버밴 (35년~현재)
쉐보레,실버라도,실버라도 (98년~현재)
쉐보레,아스트로밴,아스트로밴 (95년~05년)
쉐보레,카마로,카마로 (67년~현재)
쉐보레,체비밴,체비밴 (64년~현재)
쉐보레,블레이저,트레일블레이저 (02년~현재)
쉐보레,블레이저,블레이저 (83년~05년)
쉐보레,기타,기타 (80년~현재)
쉐보레,S-10,S-10 (82년~04년)
쉐보레,아발란치,아발란치 (02년~13년)
쉐보레,콜로라도,콜로라도 (04년~현재)
쉐보레,타호,타호 (95년~현재)
쉐보레,트랙커,트랙커 (89년~04년)
쉐보레,HHR,HHR (05년~11년)
쉐보레,SSR,SSR (03년~06년)
쉐보레,루미나,루미나 미니밴 (90년~96년)
쉐보레,루미나,루미나 (89년~01년)
쉐보레,벤처,벤처 (96년~05년)
쉐보레,볼트(Volt),볼트(Volt) (11년~15년)
쉐보레,에퀴녹스,에퀴녹스 (05년~현재)
쉐보레,트럭밴,트럭밴 (64년~96년)
쉐보레,픽업트럭,픽업트럭 (60년~02년)
스마트,포투,포투 카브리오 3세대 (16년~현재)
스마트,포투,포투 쿠페 3세대 (14년~현재)
스마트,포투,포투 카브리오 (00년~15년)
스마트,포투,포투 쿠페 (98년~15년)
스마트,포포,포포 2세대 (14년~21년)
스마트,포포,포포 (04년~06년)
스마트,로드스터,로드스터 (03년~06년)
스바루,임프레자,임프레자 (93년~현재)
스바루,아웃백,아웃백 (95년~12년)
스바루,포레스터,포레스터 (97년~12년)
스바루,레거시,레거시 (89년~현재)
스바루,BRZ,BRZ (12년~현재)
스바루,R1,R1 (05년~10년)
스바루,SVX,SVX (91년~96년)
스즈키,짐니,짐니 (98년~현재)
스즈키,허슬러,허슬러 (14년~현재)
스즈키,알토라팡,알토라팡 (02년~현재)
스즈키,알토,알토웍스 (88년~현재)
스즈키,알토,알토 (79년~현재)
스즈키,웨건 R,웨건 R 소리오 (00년~04년)
스즈키,웨건 R,웨건 R (93년~현재)
스즈키,X-90,X-90 (96년~98년)
스즈키,그랜드 비타라,그랜드 비타라 (98년~현재)
스즈키,기타,기타 (80년~현재)
스즈키,사이드킥,사이드킥 (89년~99년)
스즈키,스위프트,스위프트 (04년~현재)
스즈키,스페이시아,스페이시아 (13년~현재)
스즈키,이그니스,이그니스 (00년~현재)
스즈키,카푸치노,카푸치노 (91년~97년)
스즈키,트윈,트윈 (03년~05년)
시트로엥/DS,C4 피카소,그랜드 C4 피카소 (13년~18년)
시트로엥/DS,C4 피카소,C4 피카소 (13년~현재)
시트로엥/DS,DS3,DS3 크로스백 (18년~현재)
시트로엥/DS,DS3,DS3 카브리오 (13년~현재)
시트로엥/DS,DS3,DS3 (09년~현재)
시트로엥/DS,C4 칵투스,C4 칵투스 (14년~현재)
시트로엥/DS,C4 스페이스투어러,그랜드 C4 스페이스투어러 (18년~현재)
시트로엥/DS,DS7,DS7 크로스백 (19년~현재)
시트로엥/DS,C3 에어크로스,C3 에어크로스 (17년~현재)
시트로엥/DS,C5 에어크로스,C5 에어크로스 (19년~현재)
시트로엥/DS,DS4,DS4 2세대 (22년~현재)
시트로엥/DS,DS4,DS4 크로스백 (16년~18년)
시트로엥/DS,DS4,DS4 (10년~16년)
시트로엥/DS,DS5,DS5 (11년~현재)
시트로엥/DS,C2,C2 (03년~09년)
시트로엥/DS,C3,C3 (02년~현재)
시트로엥/DS,C5,C5 (00년~현재)
시트로엥/DS,C6,C6 (05년~12년)
시트로엥/DS,XM,XM (89년~00년)
시트로엥/DS,잔티아,잔티아 (93년~01년)
시트로엥/DS,기타,기타 (80년~현재)
아우디,A6,A6 (C8) (19년~현재)
아우디,A6,뉴 A6 (04년~18년)
아우디,A6,A6 (94년~04년)
아우디,A7,A7 (4K) (18년~현재)
아우디,A7,A7 (10년~17년)
아우디,A4,A4 (B9) (16년~현재)
아우디,A4,뉴 A4 (05년~16년)
아우디,A4,A4 (94년~05년)
아우디,Q5,Q5 (FY) (17년~현재)
아우디,Q5,Q5 (08년~16년)
아우디,A5,A5 (F5) (17년~현재)
아우디,A5,A5 (07년~16년)
아우디,Q7,Q7 (4M) (16년~24년)
아우디,Q7,Q7 (05년~15년)
아우디,A8,A8 (D5) (18년~현재)
아우디,A8,뉴 A8 (02년~17년)
아우디,A8,A8 (94년~02년)
아우디,Q3,Q3 (F3) (18년~현재)
아우디,Q3,Q3 (11년~18년)
아우디,A3,A3 (8Y) (22년~현재)
아우디,A3,뉴 A3 (03년~22년)
아우디,A3,A3 (96년~03년)
아우디,Q8,Q8 (4M) (18년~현재)
아우디,e-트론,e-트론 (20년~24년)
아우디,R8,R8 (4S) (16년~현재)
아우디,R8,R8 (06년~15년)
아우디,Q4 e-트론,Q4 e-트론 (F4) (22년~현재)
아우디,SQ5,SQ5 (FY) (19년~현재)
아우디,SQ5,SQ5 (13년~17년)
아우디,Q2,Q2 (17년~현재)
아우디,TT,TT (8S) (14년~23년)
아우디,TT,뉴 TT (06년~14년)
아우디,TT,TT (98년~06년)
아우디,RS5,RS5 (F5) (18년~현재)
아우디,RS5,RS5 (10년~17년)
아우디,RS7,RS7 (4K) (21년~현재)
아우디,RS7,RS7 (14년~17년)
아우디,RSQ8,RSQ8 (4M) (20년~현재)
아우디,S7,S7 (4K) (19년~현재)
아우디,S7,S7 (12년~17년)
아우디,S8,S8 (D5) (20년~현재)
아우디,S8,S8 (94년~17년)
아우디,TTS,TTS (8S) (15년~23년)
아우디,TTS,TTS (08년~14년)
아우디,A1,A1 (10년~18년)
아우디,RS3,RS3 (8Y) (23년~현재)
아우디,RS3,RS3 (03년~20년)
아우디,S6,S6 (C8) (19년~현재)
아우디,S6,S6 (94년~18년)
아우디,S4,S4 (B9) (21년~현재)
아우디,S4,뉴 S4 (08년~16년)
아우디,S4,S4 (91년~08년)
아우디,Q8 e-트론,Q8 e-트론 (GE) (24년~현재)
아우디,S3,S3 (8Y) (22년~현재)
아우디,S3,S3 (96년~22년)
아우디,e-트론 GT,e-트론 GT (21년~현재)
아우디,RS e-트론 GT,RS e-트론 GT (21년~현재)
아우디,SQ8,SQ8 (4M) (20년~현재)
아우디,RS6,RS6 (C8) (21년~현재)
아우디,RS6,RS6 (02년~18년)
아우디,S5,S5 (F5) (18년~현재)
아우디,S5,S5 (07년~14년)
아우디,올로드 콰트로,올로드 콰트로 (99년~06년)
아우디,100,100 (68년~94년)
아우디,80,80 (72년~96년)
아우디,90,90 (78년~95년)
아우디,RS4,RS4 (00년~08년)
아우디,SQ7,SQ7 (4M) (23년~현재)
아우디,TTRS,TTRS (8S) (16년~23년)
아우디,TTRS,TTRS (09년~14년)
아우디,V8,V8 (88년~94년)
아우디,Q6 e-트론,Q6 e-트론 (GF) (25년~현재)
아우디,SQ6 e-트론,SQ6 e-트론 (GF) (25년~현재)
아우디,SQ8 e-트론,SQ8 e-트론 (GE) (24년~현재)
아우디,기타,기타 (80년~현재)
알파 로메오,4C,4C (13년~현재)
알파 로메오,147,147 (00년~10년)
알파 로메오,156,156 (96년~07년)
알파 로메오,159,159 (04년~11년)
알파 로메오,166,166 (99년~07년)
알파 로메오,미토,미토 (08년~18년)
알파 로메오,브레라,브레라 (05년~10년)
알파 로메오,스파이더,스파이더 (66년~94년)
알파 로메오,줄리아,줄리아 (15년~현재)
알파 로메오,줄리에타,줄리에타 (10년~현재)
애스턴마틴,밴티지,밴티지 2세대 (18년~현재)
애스턴마틴,밴티지,V12 Vantage (09년~18년)
애스턴마틴,밴티지,V8 Vantage (05년~18년)
애스턴마틴,DB11,DB11 (17년~현재)
애스턴마틴,DBX,DBX (20년~현재)
애스턴마틴,라피드,라피드 (10년~현재)
애스턴마틴,뱅퀴시,뱅퀴시 S (04년~18년)
애스턴마틴,뱅퀴시,뱅퀴시 (01년~18년)
애스턴마틴,DBS,DBS (07년~현재)
애스턴마틴,DB9,DB9 (04년~16년)
애스턴마틴,DB7,DB7 (94년~04년)
애스턴마틴,비라지,비라지 (11년~12년)
어큐라,TL,TL (96년~14년)
어큐라,CL,CL (97년~03년)
어큐라,ILX,ILX (13년~현재)
어큐라,MDX,MDX (01년~현재)
어큐라,NSX,NSX (90년~05년)
어큐라,RDX,RDX (07년~현재)
어큐라,RL,RL (96년~12년)
어큐라,RSX,RSX (01년~06년)
어큐라,TLX,TLX (14년~14년)
어큐라,TSX,TSX (04년~14년)
어큐라,기타,기타 (80년~현재)
오펠,벡트라,벡트라 (88년~08년)
오펠,비타,비타 (82년~현재)
오펠,스피드스터,스피드스터 (01년~05년)
오펠,아스트라,아스트라 (06년~15년)
오펠,코르사,코르사 (82년~현재)
오펠,티그라,티그라 (94년~00년)
올즈모빌,실루엣,실루엣 (90년~04년)
올즈모빌,오로라,오로라 (94년~03년)
올즈모빌,커트라스,커트라스 (61년~99년)
올즈모빌,알레로,알레로 (94년~04년)
올즈모빌,브라바다,브라바다 (91년~04년)
이네오스,그레나디어,그레나디어 (21년~현재)
이스즈,로데오,로데오 (89년~04년)
이스즈,비크로스,비크로스 (97년~01년)
이스즈,트루퍼,트루퍼 (81년~05년)
이스즈,기타,기타 (80년~현재)
인피니티,Q50,Q50 (14년~현재)
인피니티,QX60,QX60 (14년~현재)
인피니티,G,G25 (11년~13년)
인피니티,G,G37 (08년~13년)
인피니티,G,G35 (03년~08년)
인피니티,Q30,Q30 (16년~현재)
인피니티,QX50,QX50 (P71A) (19년~현재)
인피니티,QX50,QX50 (14년~17년)
인피니티,M,M35h (11년~13년)
인피니티,M,M30d (10년~13년)
인피니티,M,M37 (10년~13년)
인피니티,M,M56 (10년~13년)
인피니티,M,M35 (03년~10년)
인피니티,M,M45 (03년~10년)
인피니티,FX,FX30d (09년~13년)
인피니티,FX,FX37 (09년~13년)
인피니티,FX,FX50 (09년~13년)
인피니티,FX,FX35 (03년~13년)
인피니티,FX,FX45 (03년~08년)
인피니티,Q70,Q70 (14년~현재)
인피니티,QX70,QX70 (14년~현재)
인피니티,Q60,Q60 (CV37) (18년~현재)
인피니티,Q60,Q60 (14년~16년)
인피니티,QX30,QX30 (18년~현재)
인피니티,QX80,QX80 (14년~현재)
인피니티,EX,EX30d (10년~13년)
인피니티,EX,EX35 (08년~13년)
인피니티,EX,EX37 (08년~13년)
인피니티,JX,JX35 (12년~13년)
인피니티,QX,QX56 (04년~13년)
인피니티,QX,QX4 (96년~03년)
인피니티,I,I35 (02년~04년)
인피니티,I,I30 (96년~01년)
인피니티,Q,Q45 (90년~08년)
인피니티,J30,J30 (92년~97년)
재규어,XF,XF (X260) (16년~현재)
재규어,XF,New XF (11년~15년)
재규어,XF,XF (08년~11년)
재규어,F-PACE,F-PACE (16년~현재)
재규어,XJ,All New XJ (10년~현재)
재규어,XJ,New XJ (68년~09년)
재규어,XE,XE (15년~현재)
재규어,F-TYPE,F-TYPE (13년~현재)
재규어,E-PACE,E-PACE (18년~현재)
재규어,X-TYPE,X-TYPE (01년~09년)
재규어,XJ-6,XJ-6 (68년~07년)
재규어,S-TYPE,S-TYPE (99년~08년)
재규어,XJ-8,XJ-8 (97년~09년)
재규어,XKR,XKR-S (11년~15년)
재규어,XKR,XKR (96년~15년)
재규어,다임러,다임러 (68년~09년)
재규어,I-PACE,I-PACE (19년~현재)
재규어,XJ-C,XJ-C (75년~78년)
재규어,XK8,XK8 (96년~06년)
재규어,소버린,소버린 (68년~09년)
재규어,기타,기타 (80년~현재)
재규어,XJR,XJR (89년~현재)
재규어,XJS,XJS (75년~96년)
재규어,XK,XK (96년~15년)
지프,랭글러,랭글러 (JL) (18년~현재)
지프,랭글러,랭글러 (JK) (07년~18년)
지프,랭글러,랭글러 (TJ) (96년~06년)
지프,랭글러,랭글러 (YJ) (87년~95년)
지프,체로키,그랜드 체로키(WL) (21년~현재)
지프,체로키,체로키(KL) (14년~현재)
지프,체로키,그랜드 체로키 (93년~22년)
지프,체로키,체로키 (84년~13년)
지프,레니게이드,레니게이드 (15년~현재)
지프,글래디에이터,글래디에이터 (JT) (20년~현재)
지프,컴패스,컴패스 2세대 (18년~현재)
지프,컴패스,컴패스 (07년~17년)
지프,커맨더,커맨더 (06년~10년)
지프,어벤저,어벤저 (24년~현재)
지프,CJ,CJ (70년~86년)
지프,패트리어트,패트리어트 (07년~17년)
캐딜락,에스컬레이드,에스컬레이드 5세대 (21년~현재)
캐딜락,에스컬레이드,에스컬레이드 (99년~20년)
캐딜락,CT6,CT6 (16년~현재)
캐딜락,CTS,CTS 3세대 (14년~19년)
캐딜락,CTS,CTS 2세대 (08년~14년)
캐딜락,CTS,CTS 1세대 (02년~07년)
캐딜락,XT5,XT5 (16년~현재)
캐딜락,ATS,ATS (13년~19년)
캐딜락,CT5,CT5 (20년~현재)
캐딜락,XT4,XT4 (18년~현재)
캐딜락,XT6,XT6 (20년~현재)
캐딜락,SRX,올 뉴 SRX (09년~16년)
캐딜락,SRX,SRX (04년~09년)
캐딜락,CTS-V,CTS-V (04년~19년)
캐딜락,CT5-V,CT5-V (22년~현재)
캐딜락,CT4,CT4 (20년~현재)
캐딜락,스빌,스빌 (75년~04년)
캐딜락,컨코어,컨코어 (94년~99년)
캐딜락,ATS-V,ATS-V (16년~19년)
캐딜락,DTS,DTS (06년~11년)
캐딜락,STS,뉴 STS (07년~11년)
캐딜락,STS,STS (04년~07년)
캐딜락,리릭,리릭 (24년~현재)
캐딜락,BLS,BLS (05년~09년)
캐딜락,CT6-V,CT6-V (19년~현재)
캐딜락,XLR,XLR (04년~09년)
캐딜락,XTS,XTS (13년~현재)
캐딜락,드빌,드빌 (49년~05년)
캐딜락,엘도라도,엘도라도 (53년~02년)
캐딜락,플리트우드,플리트우드 (47년~96년)
캐딜락,기타,기타 (80년~현재)
코닉세그,CC,CC (02년~15년)
코닉세그,아제라,아제라 (11년~17년)
크라이슬러,300C,더 뉴 300C (12년~현재)
크라이슬러,300C,올 뉴 300C (11년~12년)
크라이슬러,300C,300C (04년~10년)
크라이슬러,200,200 2세대 (15년~17년)
크라이슬러,200,200 1세대 (11년~14년)
크라이슬러,그랜드 보이저,그랜드 보이저 (88년~현재)
크라이슬러,크로스파이어,크로스파이어 (04년~07년)
크라이슬러,PT 크루저,PT 크루저 (00년~10년)
크라이슬러,세브링,뉴 세브링 (07년~10년)
크라이슬러,세브링,세브링 (95년~06년)
크라이슬러,퍼시피카,퍼시피카 (04년~현재)
크라이슬러,프라울러,프라울러 (97년~02년)
크라이슬러,300M,300M (99년~04년)
크라이슬러,LHS,LHS (94년~01년)
크라이슬러,네온,네온 (95년~06년)
크라이슬러,뉴요커,뉴요커 (39년~96년)
크라이슬러,레바론,레바론 (77년~94년)
크라이슬러,보이저,보이저 (00년~현재)
크라이슬러,비전,비전 (93년~97년)
크라이슬러,스트라투스,스트라투스 (95년~00년)
크라이슬러,시러스,시러스 (95년~00년)
크라이슬러,이글 탈론,이글 탈론 (90년~98년)
크라이슬러,인트리피드,인트리피드 (93년~03년)
크라이슬러,캐러밴,캐러밴 (84년~현재)
크라이슬러,콩코드,콩코드 (93년~04년)
크라이슬러,타운 앤 컨트리,타운 앤 컨트리 (90년~현재)
크라이슬러,플리머스 레이저,플리머스 레이저 (90년~94년)
크라이슬러,기타,기타 (80년~현재)
테슬라,모델 3,모델 3 (17년~현재)
테슬라,모델 Y,모델 Y (20년~현재)
테슬라,모델 X,모델 X (18년~현재)
테슬라,모델 S,모델 S (12년~현재)
테슬라,사이버트럭,사이버트럭 (23년~현재)
파가니,존다,존다 (99년~11년)
파가니,후에이라,후에이라 (11년~현재)
페라리,488,488 피스타 (18년~20년)
페라리,488,488 GTB (15년~20년)
페라리,488,488 스파이더 (15년~20년)
페라리,포르토피노,포르토피노 (18년~현재)
페라리,296,296 GTS (22년~현재)
페라리,296,296 GTB (22년~현재)
페라리,458,458 (10년~15년)
페라리,812,812 GTS (20년~현재)
페라리,812,812 슈퍼패스트 (17년~현재)
페라리,F8,F8 트리뷰토 (19년~현재)
페라리,F8,F8 스파이더 (19년~현재)
페라리,로마,로마 (20년~현재)
페라리,SF90,SF90 스파이더 (21년~현재)
페라리,SF90,SF90 스트라달레 (20년~현재)
페라리,캘리포니아,캘리포니아 (08년~17년)
페라리,GTC4 루쏘,GTC4 루쏘 (16년~현재)
페라리,599,599 GTO (10년~12년)
페라리,599,599XX (09년~09년)
페라리,599,599 GTB (06년~12년)
페라리,F12 베를리네타,F12 베를리네타 (12년~17년)
페라리,612,612 (04년~11년)
페라리,F430,F430 (04년~09년)
페라리,FF,FF (11년~16년)
페라리,360,360 (99년~05년)
페라리,F355,F355 (94년~99년)
페라리,308,308 GTS (75년~85년)
페라리,328,328 GTB (85년~90년)
페라리,575M,575M (02년~06년)
페라리,푸로산게,푸로산게 (22년~현재)
페라리,348,348 (89년~95년)
페라리,456,456 (92년~03년)
페라리,512 TR,512 TR (92년~94년)
페라리,550,550 (96년~01년)
페라리,F40,F40 (87년~92년)
페라리,F50,F50 (95년~97년)
페라리,라페라리,라페라리 (17년~18년)
페라리,엔초페라리,엔초페라리 (02년~04년)
포드,익스플로러,익스플로러 6세대 (19년~현재)
포드,익스플로러,익스플로러 (91년~19년)
포드,머스탱,머스탱 7세대 (24년~현재)
포드,머스탱,머스탱 마하 E (21년~현재)
포드,머스탱,머스탱 (64년~24년)
포드,F150,F150 (73년~현재)
포드,레인저,레인저 4세대 (23년~현재)
포드,레인저,레인저 3세대 (11년~22년)
포드,몬데오,몬데오 4세대 (15년~현재)
포드,몬데오,몬데오 3세대 (07년~14년)
포드,몬데오,몬데오 (92년~07년)
포드,브롱코,브롱코 6세대 (22년~현재)
포드,브롱코,브롱코 (66년~96년)
포드,익스페디션,익스페디션 (97년~현재)
포드,토러스,뉴 토러스 (09년~현재)
포드,토러스,토러스 (86년~09년)
포드,쿠가,쿠가 2세대 (12년~현재)
포드,이스케이프,이스케이프 (01년~현재)
포드,트랜짓,트랜짓 (13년~현재)
포드,포커스,포커스 (98년~현재)
포드,퓨전,퓨전 (07년~현재)
포드,F350,F350 (99년~현재)
포드,E-Series,E-Series (61년~현재)
포드,F250,F250 (88년~현재)
포드,프리스타일,프리스타일 (05년~09년)
포드,익스플로러 스포츠트랙,익스플로러 스포츠트랙 (01년~10년)
포드,파이브 헌드레드,파이브 헌드레드 (05년~07년)
포드,GT,GT (03년~08년)
포드,S-MAX,S-MAX (06년~현재)
포드,썬더버드,썬더버드 (95년~05년)
포드,윈드스타,윈드스타 (94년~03년)
포드,이코노라인,이코노라인 (61년~현재)
포드,에코스포츠,에코스포츠 (04년~현재)
포드,컨투어,컨투어 (95년~00년)
포드,프로브,프로브 (89년~97년)
포드,피에스타,피에스타 (76년~현재)
포드,기타,기타 (80년~현재)
포드,플렉스,플렉스 (09년~19년)
포르쉐,카이엔,카이엔 (PO536) (19년~현재)
포르쉐,카이엔,뉴 카이엔 (10년~18년)
포르쉐,카이엔,카이엔 (02년~10년)
포르쉐,파나메라,파나메라 (972) (24년~현재)
포르쉐,파나메라,파나메라 (971) (17년~24년)
포르쉐,파나메라,파나메라 (09년~16년)
포르쉐,718,718 카이맨 (16년~현재)
포르쉐,718,718 박스터 (16년~현재)
포르쉐,911,911 (992) (19년~현재)
포르쉐,911,911 (89년~19년)
포르쉐,마칸,마칸 EV (24년~현재)
포르쉐,마칸,마칸 (14년~현재)
포르쉐,타이칸,타이칸 (20년~현재)
포르쉐,박스터,박스터 (96년~16년)
포르쉐,카이맨,카이맨 (05년~16년)
포르쉐,928,928 (77년~95년)
포르쉐,944,944 (82년~91년)
포르쉐,968,968 (92년~95년)
포르쉐,카레라 GT,카레라 GT (04년~06년)
포르쉐,기타,기타 (80년~현재)
포톤,툰랜드,툰랜드 (15년~현재)
폭스바겐,티구안,티구안 올스페이스 (18년~현재)
폭스바겐,티구안,티구안 2세대 (18년~현재)
폭스바겐,티구안,뉴 티구안 (11년~16년)
폭스바겐,티구안,티구안 (07년~11년)
폭스바겐,골프,골프 8세대 (22년~현재)
폭스바겐,골프,골프 7세대 (13년~19년)
폭스바겐,골프,골프 6세대 (08년~14년)
폭스바겐,골프,골프 5세대 (04년~09년)
폭스바겐,골프,골프 4세대 (97년~04년)
폭스바겐,골프,골프 3세대 (91년~99년)
폭스바겐,골프,골프 2세대 (83년~92년)
폭스바겐,골프,골프 1세대 (74년~83년)
폭스바겐,아테온,아테온 (18년~현재)
폭스바겐,파사트,파사트 GT(B8) (18년~현재)
폭스바겐,파사트,더 뉴 파사트 (11년~현재)
폭스바겐,파사트,뉴 파사트 (05년~11년)
폭스바겐,파사트,파사트 (73년~05년)
폭스바겐,파사트,파사트 바리안트 (73년~현재)
폭스바겐,제타,제타 7세대 (19년~현재)
폭스바겐,제타,뉴 제타 (11년~18년)
폭스바겐,제타,제타 (79년~11년)
폭스바겐,투아렉,투아렉 3세대 (19년~현재)
폭스바겐,투아렉,뉴 투아렉 (10년~18년)
폭스바겐,투아렉,투아렉 (02년~10년)
폭스바겐,비틀,더 비틀 (12년~19년)
폭스바겐,비틀,뉴 비틀 (98년~12년)
폭스바겐,비틀,비틀 (38년~03년)
폭스바겐,CC,뉴 CC (12년~17년)
폭스바겐,CC,CC (08년~12년)
폭스바겐,티록,티록 (21년~현재)
폭스바겐,ID.4,ID.4 (22년~현재)
폭스바겐,시로코,시로코 (08년~17년)
폭스바겐,폴로,폴로 (75년~현재)
폭스바겐,페이톤,페이톤 (02년~16년)
폭스바겐,EOS,EOS (06년~15년)
폭스바겐,ID.5,ID.5 (25년~현재)
폭스바겐,보라,보라 (99년~05년)
폭스바겐,아틀라스,아틀라스 (17년~현재)
폭스바겐,리알타,리알타 (93년~03년)
폭스바겐,마이크로버스,마이크로버스 (63년~현재)
폭스바겐,벤토,벤토 (92년~99년)
폭스바겐,사란,사란 (95년~현재)
폭스바겐,코라도,코라도 (88년~95년)
폭스바겐,트랜스포터,트랜스포터 (49년~현재)
폭스바겐,기타,기타 (80년~현재)
폰티악,그랑프리,그랑프리 (97년~08년)
폰티악,그랜드 앰,그랜드 앰 (73년~05년)
폰티악,트랜스 앰,트랜스 앰 (69년~02년)
폰티악,트랜스포트,트랜스포트 (89년~98년)
폰티악,토렌트,토렌트 (06년~09년)
폰티악,보네빌,보네빌 (57년~05년)
폰티악,선파이어,선파이어 (95년~05년)
폰티악,솔스티스,솔스티스 (06년~09년)
폰티악,파이어버드,파이어버드 (67년~02년)
폰티악,피에로,피에로 (84년~88년)
폰티악,G8,G8 (07년~09년)
폴스타,폴스타 2,폴스타 2 (22년~현재)
폴스타,폴스타 4,폴스타 4 (24년~현재)
푸조,3008,3008 2세대 (17년~현재)
푸조,3008,3008 (09년~16년)
푸조,2008,2008 2세대 (20년~현재)
푸조,2008,e-2008 2세대 (20년~현재)
푸조,2008,2008 (13년~20년)
푸조,5008,5008 2세대 (17년~현재)
푸조,5008,5008 1세대 (09년~16년)
푸조,508,508SW 2세대 (19년~현재)
푸조,508,508 2세대 (19년~현재)
푸조,508,508 RXH (14년~18년)
푸조,508,508 (11년~18년)
푸조,508,508SW (11년~18년)
푸조,308,308 3세대 (22년~현재)
푸조,308,308 2세대 (14년~현재)
푸조,308,308SW 2세대 (14년~현재)
푸조,308,308 (07년~14년)
푸조,308,308CC (07년~14년)
푸조,308,308SW (07년~14년)
푸조,208,e-208 2세대 (20년~현재)
푸조,208,208 (13년~19년)
푸조,207,207SW (08년~09년)
푸조,207,207CC (06년~13년)
푸조,207,207GT (06년~13년)
푸조,207,207RC (06년~09년)
푸조,408,408 (23년~현재)
푸조,206,206RC (02년~08년)
푸조,206,206CC (00년~08년)
푸조,206,206 (98년~10년)
푸조,206,206SW (98년~10년)
푸조,RCZ,RCZ (10년~15년)
푸조,307,307CC (01년~09년)
푸조,307,307SW (01년~09년)
푸조,307,307 (01년~09년)
푸조,407,407 (04년~10년)
푸조,407,407SW (04년~10년)
푸조,407,407쿠페 (04년~10년)
푸조,익스퍼트,익스퍼트 티피 (95년~현재)
푸조,306,306 (93년~02년)
푸조,607,607 (99년~10년)
푸조,107,107 (05년~14년)
푸조,1007,1007 (04년~09년)
푸조,205,205 (83년~98년)
푸조,405,405 (87년~97년)
푸조,406,406 (95년~04년)
푸조,605,605 (89년~99년)
푸조,806,806 (94년~02년)
푸조,807,807 (02년~10년)
푸조,기타,기타 (80년~현재)
피아트,500,500e (13년~현재)
피아트,500,500C (09년~현재)
피아트,500,500 (07년~현재)
피아트,500X,500X (16년~현재)
피아트,프리몬트,프리몬트 (11년~현재)
피아트,124,124 스파이더 (16년~현재)
피아트,500L,500L (13년~현재)
피아트,두카토,두카토 (21년~현재)
피아트,란치아,란치아 (96년~99년)
피아트,멀티피아,멀티피아 (98년~10년)
피아트,바르게타,바르게타 (05년~05년)
피아트,쿠페,쿠페 (93년~00년)
피아트,크로마,크로마 (85년~10년)
피아트,판다,판다 (80년~03년)
피아트,푼토,푼토 (93년~현재)
피아트,기타,기타 (80년~현재)
험머,H2,H2 (02년~09년)
험머,H3,H3T (09년~10년)
험머,H3,H3 (05년~10년)
험머,H1,H1 (92년~06년)
혼다,어코드,어코드 11세대 (23년~현재)
혼다,어코드,어코드 10세대 (18년~23년)
혼다,어코드,올뉴어코드 (08년~17년)
혼다,어코드,어코드 (76년~07년)
혼다,CR-V,CR-V 6세대 (23년~현재)
혼다,CR-V,CR-V 5세대 (17년~23년)
혼다,CR-V,New CR-V (11년~16년)
혼다,CR-V,CR-V (96년~11년)
혼다,파일럿,파일럿 4세대 (23년~현재)
혼다,파일럿,파일럿 3세대 (15년~23년)
혼다,파일럿,파일럿 (03년~15년)
혼다,오딧세이,오딧세이 (95년~현재)
혼다,시빅,시빅 (73년~현재)
혼다,레전드,레전드 5세대 (15년~현재)
혼다,레전드,레전드 4세대 (04년~12년)
혼다,레전드,레전드 (90년~04년)
혼다,S660,S660 (15년~현재)
혼다,HR-V,HR-V (99년~현재)
혼다,S2000,S2000 (99년~09년)
혼다,CR-Z,CR-Z (10년~16년)
혼다,엘리멘트,엘리멘트 (03년~11년)
혼다,인사이트,인사이트 (99년~14년)
혼다,크로스투어,크로스투어 (10년~15년)
혼다,N-BOX,N-BOX (12년~현재)
혼다,N-ONE,N-ONE (12년~현재)
혼다,Fit Aria,Fit Aria (02년~08년)
혼다,Fit,Fit (01년~현재)
혼다,댓츠,댓츠 (02년~07년)
혼다,델솔,델솔 (92년~98년)
혼다,라이프,라이프 (71년~14년)
혼다,리지라인,리지라인 (06년~현재)
혼다,비트,비트 (91년~95년)
혼다,스텝웨건,스텝웨건 (96년~현재)
혼다,스트림,스트림 (00년~14년)
혼다,인스파이어,인스파이어 (89년~13년)
혼다,인테그라,인테그라 (85년~06년)
혼다,크로스로드,크로스로드 (93년~10년)
혼다,패스포트,패스포트 (94년~02년)
혼다,프렐류드,프렐류드 (78년~01년)
혼다,기타,기타 (80년~현재)
BYD,E6,E6 (21년~현재)
BYD,아토 3,아토 3 (25년~현재)
기타 수입차,기타,기타
